#{"t_start": 1774341609.649995, "env_id": "None"}
r,l,t
-34.768432,440,11.919453
-61.409478,877,12.058961
-39.513157,460,12.135757
64.483519,443,22.9685
60.647884,240,23.008807
39.985708,749,23.128662
10.988042,554,33.969561
-33.553703,188,34.00247
-34.442429,353,34.063256
14.836241,162,44.502453
-21.931489,348,44.558898
21.560975,341,44.613027
-26.983283,381,53.556976
-17.794382,113,53.577728
-22.425737,419,53.644878
14.376184,892,63.057891
21.973839,827,63.191295
47.523941,225,63.226487
-37.065615,400,71.97044
20.546454,268,72.012932
23.612376,326,72.064328
-14.456188,291,80.066276
-16.29629,359,80.124587
-29.844533,236,80.164552
-31.387382,247,88.272478
67.515551,195,88.30376
61.716227,255,88.343101
-18.32665,286,97.231079
-35.026078,303,97.28056
40.373834,264,97.322118
5.793361,262,105.86659
-12.221525,706,105.981077
3.297689,397,106.04619
15.68071,356,114.983259
19.288919,270,115.027697
15.032886,724,115.146847
390948
-10.261955,5,0.39769
-10.211144,2,0.401605
-0.271247,4,0.405458
19.241421,8,0.412223
24.986517,14,0.425383
-10.18998,2,0.426945
-10.19638,3,0.430711
-10.24868,6,0.43739
-10.199235,3,0.439803
-3.569911,12,0.450604
-20.190434,5,0.456768
-10.215542,9,0.462938
-0.484922,8,0.472098
-0.233215,3,0.476252
-10.260018,3,0.479055
18.859199,20,0.497607
-10.186537,4,0.503793
-10.256131,2,0.506833
-10.233095,2,0.509051
-10.16869,6,0.516022
-10.175784,3,0.518713
-10.629895,4,0.52422
-10.190214,2,0.52626
-0.255833,4,0.536821
-10.25793,5,0.539921
-12.464494,6,0.544205
2.510387,13,0.555297.7-10.214701,6,0.563379
-10.197936,7,0.569389
-10.238194,6,0.577334
-10.196341,6,0.581933
-10.289798,2,0.585078
-8.03343,8,0.592305
-0.211955,3,0.59639
-10.239688,5,0.599929
9.250833,9,0.611671
-10.251558,2,0.61427
-0.198102,8,0.62125-20-10.196831,3,0.62565-10.2048,12,0.639353
-0.16967,3,0.643402
9.048396,8,0.650985
9.781578,4,0.65471
-0.17414-10.16085,5,0.8.167371-0.232971,16,0.67298
-5.281697,22,0.691806
9.742166,6,0.697878
-20.219858,7,0.704488
9.430674,10,0.716614
-10.211278,2,0.71854
9.052752,6,0.723024
-10.259615,2,0.725667
9.780707,7,0.733803
-0.262828,3,0.736738
-10.188684,3,0.7436.168-2.534228,11,0.752853
-6.584548,9,0.760108
10.51864,12,0.771681
-10.178173,7,0.77808
9.611926,7,0.78647
-10.246426,3,0.790306
8.048808,10,0.797769
23.523274,14,0.810867
-10.168576,5,0.81525-9.-0.288598,3,0.818849.08127,12,0.827663
-1017.883956,12,0.8339-10.-0.76392,8,0.8424868.86566,15,0.852241
-10.19.3736,16,0.861735
-10.290758,2,0.865605
-10.312292,9,0.875435
4.74727,5,0.8809
-10.274697,5,0.886191
-10.221885,5,0.890953
-10.230014,2,0.8930129-0.820427,10,0.903451-1-10.270176,4,0.9112011.135791,12,0.923649
-18.405092,11,0.937823
-0.204727,7,0.948947
-10.211479,6,0.958036
-0.59788,8,0.968451
-0.179168,4,0.974531
-1.127294,10,0.987365
-10.20385,4,0.992216
-0.422832,9,1.000293
19.681595,15,1.015788
-20.233982,6,1.025222
-10.218538,3,1.030685
-10.390009,6,1.03866
9.439522,11,1.05405
-0.199411,5,1.060077
17.679007,27,1.090099
-10.184601,2,1.093689
-10.209997,3,1.100624
-10.167473,8,1.110423
14.906787,8,1.119951
-8.66402,4,1.135281
-0.235088,3,1.141595
-3.939936,14,1.156288
-10.290071,5,1.160592
18.314942,9,1.171347
-10.182534,5,1.177395
-10.16132,2,1.179534
-10.090084,12,1.664071
6.563007,11,1.67588
-10.198662,5,1.684418
-0.216451,3,1.686899
-0.600062,12,1.697397
-0.214793,4,1.702501
7.634589,20,1.722191
-10.160251,2,1.72442
-0.307967,4,1.730054
-10.202887,7,1.736856
-4.059853,16,1.752042
-0.150339,5,1.757627
-0.190889,6,1.761809
9.412179,8,1.768023
0.507678,13,1.780716
-10.346161,6,1.786881
9.807335,4,1.79207
-10.1702,4,1.796974
-10.163196,3,1.801846
3.932275,10,1.811852
-10.223557,2,1.813974
8.371342,7,1.822208
-4.884246,11,1.829997
-7.646174,16,1.842823
-10.274036,12,1.855002
-17.153854,16,1.869896
-10.241605,18,1.884452
-10.278826,4,1.889665
-10.16869,6,1.898125
-10.215529,2,1.899766
-0.316837,10,1.909588
-10.150892,2,1.911169
-10.154579,3,1.914681
-10.19496,2,1.916483
9.725563,4,1.919393
-10.312292,5,1.925332
-0.232253,5,1.929539
-10.248447,5,1.933974
-10.869624,9,1.944065
9.775247,4,1.949966
-10.21336,5,1.957993
-10.284164,6,1.966212
-10.211961,2,1.968613
-0.204938,5,1.97472
-0.46249,9,1.984066
-0.146467,9,1.997971
-9.276533,9,2.005109
7.644294,10,2.013903
4.863959,5,2.019503
-10.23184,2,2.021148
28.856218,18,2.036584
-0.190526,3,2.039775
-10.153124,2,2.042864
6.033784,5,2.047166
-14.455402,9,2.053924
9.789055,6,2.058172
-0.69945,7,2.068168
-10.221851,2,2.070753
-20.35946,6,2.077154
-1.164252,10,2.08618
4.74727,19,2.116468
1.757432,13,2.129049
-10.232854,4,2.133735
-0.485908,8,2.142624
-10.202529,4,2.146801
-0.284954,4,2.152242
-0.188223,8,2.160178
-10.854832,11,2.169363
-0.248801,3,2.172947
4.617896,8,2.179249
-0.18229,3,2.183055
-10.177045,4,2.186548
-0.78918,9,2.19524
9.82658,6,2.201922
-12.94972,11,2.211804
-10.291775,5,2.215397
-10.213885,2,2.217695
-0.1498,3,2.22107
7.150098,11,2.229297
19.803743,9,2.238735
-0.21736,6,2.243364
-10.194316,2,2.244917
-10.274181,10,2.2542
8.55682,6,2.261061
-10.285443,8,2.270083
-10.217924,2,2.272752
1.081351,4,2.277114
-10.273333,5,2.28223
-10.180668,13,2.293161
9.486685,7,2.298316
28.734072,10,2.306692
-10.196429,3,2.309365
-4.450659,4,2.313576
-0.30651,10,2.327249
-10.188594,3,2.331374
24.23747,16,2.344683
9.788081,4,2.349993
-10.250129,6,2.355348
-0.260798,5,2.358903
-5.557525,4,2.363416
13.375025,17,2.37777
18.131884,7,2.383676
-0.215653,4,2.387239
-10.195897,2,2.389748
9.43579,11,2.40036
-8.473987,15,2.410259
-10.196206,3,2.413631
9.742553,6,2.419001
-7.551021,8,2.425216
-10.198403,4,2.428296
6.115335,23,2.446791
9.761267,4,2.449798
-10.944497,5,2.453332
-10.206633,2,2.456985
-10.172662,6,2.463107
-0.234674,9,2.471042
9.760124,6,2.477541
-10.188126,8,2.484693
10.99195,12,2.496822
-10.371721,8,2.504031
-0.55838,10,2.517108
9.140803,7,2.521598
9.5844,5,2.526022
-0.189285,5,2.531499
9.77014,7,2.53665
-0.242952,5,2.540379
9.779025,4,2.54458
-10.198402,3,2.549259
-10.241651,6,2.555881
-0.394747,5,2.561102
19.793707,21,2.588338
-10.274697,3,2.599727
-20.257429,7,2.61073
-0.28496,3,2.616042
9.762543,5,2.622308
-0.238656,7,2.631663
-10.246008,3,2.639742
-10.269184,14,2.65271
-10.21382,10,2.663922
-0.228555,7,2.673779
-10.447303,4,2.67802
-1.030269,14,2.689861
-10.200135,6,2.696152
-1.154003,9,2.703502
-0.349411,3,3.056388
-10.233788,2,3.059408
-10.147462,4,3.067106
-10.261338,8,3.078222
-0.616529,7,3.085672
-20.15945,19,3.110062
18.867438,10,3.124755
-10.192197,5,3.131591
-1.529585,8,3.138866
-10.229804,2,3.140925
9.420653,6,3.146978
-10.219383,7,3.153295
-10.147228,3,3.157342
-10.2319,10,3.16713
-0.177965,5,3.174003
-0.198682,4,3.179739
-0.197468,6,3.1881
-0.480982,8,3.201699
-10.999444,13,3.228716
-0.538303,12,3.244876
-10.220901,5,3.250582
-10.215205,3,3.254683
-8.098007,3,3.259578
-10.199313,2,3.261937
-10.219667,6,3.268699
-10.254632,2,3.270686
-1.352758,16,3.288105
-0.411088,6,3.29266
-10.272067,5,3.297111
-0.21716,7,3.303604
-10.190538,2,3.305531
-10.208502,4,3.309258
-1.447694,18,3.327157
-11.043437,10,3.335205
5.028749,5,3.33946
-10.165168,4,3.342641
9.777465,6,3.348083
-0.391872,5,3.351664
-2.222037,5,3.358179
-10.317866,4,3.36083
-10.209699,4,3.36537
-10.204523,4,3.369788
-10.244682,4,3.374483
-10.246289,3,3.377225
17.436305,12,3.387302
16.012731,9,3.39496
-10.200023,13,3.407579
-10.175924,5,3.410446
15.080705,21,3.424269
-0.533711,9,3.433127
-11.219201,20,3.449594
-20.300398,8,3.456476
-10.196429,7,3.459974
-10.225798,2,3.462236
-10.22237,8,3.469205
-10.288698,3,3.472546
-10.218198,4,3.476307
-10.202887,6,3.482388
-10.156709,2,3.483943
-10.221171,3,3.486582
19.534436,11,3.495316
19.480024,12,3.505216
-10.193513,4,3.50832
9.359276,6,3.513006
-9.896356,8,3.519185
19.53995,10,3.528975
-8.160592,5,3.533167
-0.20438,3,3.53658
-10.210483,6,3.541813
-10.193524,7,3.546089
-10.290071,2,3.547633
1.611832,20,3.562093
-3.263336,8,3.569018
-10.254243,5,3.572554
-10.264435,5,3.577434
-10.244823,3,3.580073
-10.238768,2,3.582288
-10.239326,6,3.587714
-10.234574,6,3.591593
-10.158351,2,3.593787
-10.232251,3,3.596565
-10.229371,10,3.605921
24.093367,11,3.615704
-10.235898,6,3.622646
-1.066924,9,3.630863
1.654772,20,3.645781
-10.239933,15,3.656961
-10.159083,3,3.659561
-6.87505,5,3.664445
-10.150043,3,3.66638
-10.68638,10,3.67475
-10.196227,3,3.677458
-10.21354,18,3.690546
-11.409459,22,3.709303
-20.661663,8,3.717813
-10.273333,3,3.722711
-20.521446,3,3.725468
8.345944,7,3.731655
-10.194266,4,3.734875
-12.234357,4,3.738086
-0.415305,9,3.74332
9.448964,9,3.752514
-0.203068,9,3.760469
-11.208002,6,3.765144
-6.388721,12,3.77669
-0.139919,10,3.782195
-10.245776,3,3.786306
-10.204849,3,3.788975
-17.899538,11,3.796275
-10.187681,5,3.800456
-10.184804,2,3.801993
-10.196056,12,3.809764
9.415056,5,3.814689
6.907493,27,3.834305
-10.175856,3,3.837674
-10.220651,2,3.839206
-10.195258,2,3.840734
17.123861,8,3.847579
9.222855,18,3.862945
-0.204836,5,3.865668
-10.27378,2,3.867949
8.141252,5,3.872036
-0.198512,3,3.874707
-10.234685,4,3.877759
-20.206696,15,3.888867
18.614611,10,3.895934
-0.529496,16,3.907319
9.756712,6,3.912074
-0.800505,4,3.915882
15.079614,25,3.931967
13.898457,19,3.944804
9.789033,5,3.949288
-10.20202,2,3.951829
-10.197697,5,3.958694
-10.198128,2,3.960421
16.155805,7,3.968037
-10.247673,2,3.971224
8.510005,6,3.975456
-10.27852,5,3.980669
47.6705,21,4.281953
-10.210995,3,4.28561
-8.509121,11,4.294049
-10.255521,4,4.297904
-10.264752,5,4.302897
-0.240336,3,4.306294
5.880746,7,4.312792
-10.199132,7,4.31785
-20.532419,11,4.326068
-10.192468,5,4.330458
8.968211,8,4.337008
-0.23466,3,4.339937
-10.190168,5,4.344284
-0.242094,3,4.347676
-10.188695,8,4.353868
15.758922,8,4.360184
-10.22701,4,4.363981
-0.485502,5,4.368231
-10.263639,3,4.371641
-17.913839,3,4.375063
-10.133449,3,4.378576
-0.775061,9,4.384511
-10.232251,2,4.386798
-0.32183,5,4.391798
6.690083,19,4.406898
-10.167431,6,4.412256
23.738232,6,4.416836
-0.185947,3,4.419558
-8.66402,3,4.423011
-0.349411,3,4.425705
-10.285443,4,4.4288
-0.206033,4,4.431899
6.655374,23,4.448146
-4.579495,3,4.450771
25.766471,17,4.463517
-10.158144,4,4.468028
15.477398,20,4.485626
-2.297691,9,4.490709
-20.40712,7,4.497093
-10.403262,2,4.49932
-10.24851,3,4.501992
-10.191186,2,4.504249
-3.912849,12,4.514108
-10.200166,3,4.5168
-10.254305,6,4.522074
19.505511,9,4.528602
4.262409,17,4.540466
-10.24926,4,4.544995
-8.288918,7,4.550749
-10.189882,3,4.553413
-10.172662,8,4.559557
-10.163722,9,4.567562
-10.275759,2,4.569105
8.95838,6,4.573741
27.994,23,4.595481
9.463711,8,4.601715
-10.181699,2,4.603281
-0.238028,3,4.6067
-10.352153,2,4.60894
-10.179751,3,4.612229
-0.60727,6,4.617536
-10.289419,4,4.619858
-10.278549,6,4.62518
-0.240019,4,4.630384
-0.164581,9,4.637822
-10.254299,2,4.640815
30.410834,39,4.668448
-10.207098,2,4.670714
-0.524809,4,4.673794
-0.78815,8,4.681965
-10.217924,13,4.694744
-20.216517,3,4.697393
-0.871135,7,4.705242
-0.208157,7,4.711826
-10.541103,19,4.72737
10.572581,8,4.733986
-10.16281,3,4.73613
-10.296151,2,4.737683
9.327894,5,4.742036
-0.280254,4,4.747226
-10.282536,2,4.748793
-0.193193,5,4.754432
-0.208242,3,4.756374
-0.212588,9,4.76245
-20.265827,4,4.766312
-4.642283,4,4.769423
-10.169303,2,4.771631
-10.152796,3,4.774993
-10.18688,4,4.779477
-8.706565,15,4.790664
-20.43131,13,4.801129
-0.190716,4,4.804235
9.35494,8,4.811782
42.354079,27,4.829337
8.397394,7,4.834373
-10.188113,5,4.837798
-10.23767,3,4.840426
9.741304,5,4.84607
-10.201998,5,4.850995
7.263764,7,4.85743
-10.247301,3,4.860069
-0.224495,3,4.862036
-0.556992,12,4.870482
-0.579279,5,4.874661
-0.195639,3,4.877997
-0.170846,3,4.879939
-1.327598,10,4.890396
-0.689212,8,4.895902
-0.162355,3,4.899237
-0.189267,10,4.909148
-10.185468,5,4.913343
-10.168157,2,4.915584
-20.275892,6,4.920899
-10.276844,2,4.923109
9.761574,5,4.926637
-10.180556,2,4.928818
27.677059,24,4.945817
1.784125,7,4.952973
-20.58676,13,4.962636
9.455928,8,4.971527
-10.173248,2,4.973096
-0.222672,5,4.976611
-10.29329,5,4.980064
-10.210302,2,4.981601
-9.32235,3,4.985609
-0.203862,3,4.989672
-10.198608,10,4.998839
9.460592,10,5.008081
-0.837902,13,5.019788
-0.476475,4,5.024212
-0.238873,3,5.0269
9.43342,14,5.040525
-0.398667,21,5.054595
-20.249792,4,5.058077
9.081191,6,5.063803
-10.157161,2,5.066342
-10.212387,2,5.068784
-10.170174,4,5.072268
-11.030686,10,5.079844
-0.258615,5,5.083393
-10.178173,5,5.086904
-10.054936,8,5.091626
-0.194256,4,5.094995
-0.670744,16,5.110302
9.507725,10,5.121896
21.370331,31,5.148745
-20.366545,7,5.442035
-10.217908,3,5.444211
-10.198257,3,5.447031
8.262821,12,5.455895
-0.623052,18,5.470715
-10.272563,3,5.474203
-10.207355,6,5.478148
-10.180965,2,5.480418
-10.210294,2,5.4835
-10.403262,8,5.489711
-0.249195,4,5.493528
-10.180384,4,5.497639
-10.178154,4,5.50157
8.807495,11,5.510471
-12.098157,21,5.526077
-8.829964,13,5.537206
8.988736,25,5.558906
-8.04782,6,5.562848
-0.193517,7,5.571335
-10.130466,2,5.573478
-10.207009,2,5.57621
-0.29813,3,5.578556
9.606388,5,5.581527
-0.7615,9,5.588668
9.774231,6,5.592966
9.799692,7,5.601559
-0.942583,9,5.609577
-10.220478,5,5.613545
-0.827955,6,5.618984
-0.638925,10,5.627267
8.832783,14,5.639346
-10.229188,6,5.645316
-0.209956,4,5.649891
-10.260969,3,5.65339
-10.187814,3,5.656777
-20.363246,3,5.658855
-10.334695,3,5.660898
-2.140273,16,5.673395
-20.642139,11,5.680996
-0.159592,4,5.684725
-0.749466,8,5.690859
-10.161835,2,5.692585
-10.1702,6,5.696865
-10.316103,6,5.701247
-10.248827,4,5.70611
28.647003,7,5.710594
-10.269234,7,5.716334
-0.257107,4,5.720221
-10.388668,6,5.72562
-10.239933,2,5.727234
-0.169795,4,5.7297
-0.951959,13,5.741659
-0.629786,12,5.750426
-10.247351,3,5.753122
-10.2258,4,5.756961
-10.561206,3,5.759615
24.064083,20,5.775886
18.987981,21,5.788817
-1.454746,9,5.796473
-10.198608,2,5.798855
-10.175749,9,5.807948
-20.2305,7,5.813062
11.729199,9,5.819654
-10.154169,4,5.823494
-10.185231,6,5.828823
-10.24794,6,5.832894
-10.217924,2,5.834421
-0.239753,6,5.839043
-9.512905,5,5.842527
-10.253364,2,5.844957
9.309544,12,5.852959
18.741168,10,5.860063
14.354447,19,5.873446
-9.626574,6,5.87897
-10.484017,7,5.883333
-21.070392,24,5.899691
19.274535,14,5.910496
-10.253648,7,5.915525
-10.270298,2,5.917049
-10.158778,8,5.925448
-30.530138,9,5.933634
-0.301456,6,5.939364
9.145743,21,5.956368
-0.639892,6,5.961864
-0.496183,4,5.965838
14.134524,18,5.980282
11.403381,9,5.99006
-10.21376,2,5.993378
-23.668995,5,5.997728
-10.197933,2,5.999466
-0.721459,6,6.005565
-10.201878,4,6.00925
-10.263599,2,6.012052
-17.162111,8,6.018885
-0.213189,5,6.023863
-10.288698,2,6.026403
-10.252363,2,6.028045
-10.182631,4,6.031422
-10.18688,2,6.034664
-10.20815,3,6.0367
-10.191107,2,6.040635
12.500101,20,6.057585
-5.716507,7,6.06207
-10.233053,3,6.065468
-10.26999,3,6.068257
-10.220901,3,6.070365
-10.18178,3,6.072392
9.599813,15,6.083258
-2.144852,9,6.089951
9.527436,17,6.103644
-0.138291,5,6.10679
-10.213819,8,6.111849
-10.312292,6,6.118308
-20.547486,6,6.123136
-10.229724,3,6.126498
-10.215529,2,6.128784
-10.174387,3,6.130843
-3.718855,5,6.13597
-10.183982,3,6.139352
-10.195258,4,6.143218
27.245216,15,6.152461
9.620271,8,6.161066
-10.271434,10,6.1682
8.753409,17,6.17971
-0.953948,5,6.183256
-10.346161,3,6.185214
-10.255521,4,6.189077
19.363414,9,6.196309
-2.391125,13,6.206293
19.020942,7,6.21934
-10.315705,5,6.222543
-9.276533,4,6.227538
-10.219503,5,6.230785
-0.21812,6,6.235636
-10.264435,2,6.238851
-0.513975,6,6.24374
9.480821,10,6.251656
-0.216833,7,6.257752
-10.180519,2,6.260065
-1.482757,16,6.276619
-10.230799,6,6.281166
18.310263,10,6.291307
9.772854,4,6.29467
21.223336,16,6.622943
-0.63562,7,6.629522
-10.253364,2,6.632188
-10.23273,3,6.634996
-10.352153,3,6.63778
9.585227,13,6.649514
-0.548732,13,6.660219
-10.242576,6,6.666031
9.751242,9,6.674585
-0.212853,9,6.683514
-10.209699,6,6.689545
-10.276437,2,6.691262
-0.216944,3,6.694824
-10.741415,7,6.701691
-0.304389,5,6.705284
-20.465059,11,6.713538
-0.576254,9,6.72283
18.509648,21,6.738666
-0.160095,5,6.744089
-10.217795,2,6.747296
-8.48777,6,6.753942
9.480483,6,6.758285
-0.871135,5,6.763848
-10.390009,7,6.770686
-0.860031,10,6.783942
-0.600803,5,6.793327
-10.273333,3,6.798036
9.781578,6,6.803449
-10.26794,4,6.807277
-1.457615,5,6.813202
-10.238961,4,6.817446
-10.147462,2,6.819731
25.211325,20,6.837396
-10.286384,2,6.839353
-0.231351,4,6.842755
6.958322,11,6.852346
-10.175423,6,6.855629
-0.49892,3,6.859193
-10.287939,2,6.861691
-13.194473,11,6.870666
-10.196682,2,6.873289
-10.193367,13,6.883877
19.325602,8,6.890634
-0.17368,11,6.900289
-10.245776,4,6.903596
-0.268934,5,6.90834
-10.34828,3,6.910367
-0.798887,6,6.91463
-10.220901,5,6.918351
-10.207984,2,6.920676
17.43317,10,6.92653
8.514567,16,6.942942
-0.669216,14,6.954869
-12.992763,4,6.958129
-10.478728,7,6.962573
-20.618415,64,7.01041
-0.200618,4,7.014379
-10.177046,7,7.018817
-10.20185,8,7.025761
12.630982,26,7.049426
-10.223557,2,7.050946
-10.179729,4,7.054759
-10.188695,2,7.056962
-0.20459,7,7.061274
-10.279627,4,7.065146
-0.214515,12,7.075426
-10.240054,3,7.078868
-10.33903,14,7.08899
-10.287415,2,7.091513
-10.195091,3,7.095178
-10.569917,9,7.103169
-10.277519,9,7.110499
-21.1885,21,7.127163
-0.695595,6,7.131064
-4.058914,5,7.134519
-10.226197,3,7.138488
11.067217,8,7.144624
13.555054,9,7.15113
-0.193771,8,7.156802
-0.236112,11,7.166996
-1.511539,16,7.182666
-1.876394,8,7.190886
-0.631897,10,7.20279
-10.156709,2,7.206587
-0.170182,4,7.210387
-1.621886,28,7.231274
-10.192396,6,7.235491
-10.175802,6,7.241415
-10.25659,3,7.245654
19.500433,6,7.251133
-10.227724,2,7.253591
-8.224735,8,7.259451
-10.198804,3,7.26224
-0.147748,3,7.265968
-10.090084,4,7.269642
-1.088917,18,7.285213
-10.19101,2,7.286842
13.845013,26,7.308228
-10.180023,9,7.314541
-10.134856,4,7.318772
-10.149004,4,7.322105
8.595335,10,7.330548
-0.413712,9,7.33861
-10.227979,8,7.347634
7.733105,12,7.355909
-0.471295,12,7.364965
-0.226534,3,7.36776
8.951392,7,7.373628
19.849984,5,7.377118
40.072092,28,7.400039
-10.224543,5,7.405165
16.380338,18,7.419508
-10.390009,2,7.422381
-10.022991,5,7.426663
-10.254866,2,7.430709
-10.168088,2,7.432322
-8.236434,7,7.439144
-20.733084,16,7.449621
-0.5705,10,7.458207
-0.174998,3,7.460895
-0.57846,7,7.467388
-10.165198,2,7.468908
-10.195309,2,7.470529
-10.19204,5,7.475779
8.668151,29,7.496554
-1.341289,9,7.502741
-10.180519,2,7.50432
-20.363246,3,7.508428
-8.776904,7,7.805026
9.777331,7,7.810101
-20.464459,6,7.81782
-10.163722,4,7.821362
27.86372,16,7.831268
10.475853,10,7.839083
19.228262,12,7.846627
-10.20158,7,7.852462
9.791649,4,7.855659
-0.585477,4,7.858934
-20.559566,5,7.862601
-1.383748,12,7.87375
-10.352153,12,7.883114
9.522577,8,7.890608
-10.180965,3,7.894209
8.648479,17,7.906532
-10.223073,3,7.909265
-0.316861,3,7.911247
-10.191186,3,7.913555
-0.189165,3,7.916975
13.999449,13,7.925297
14.713791,11,7.93517
6.08585,16,7.944792
-0.177079,7,7.951288
-10.706777,7,7.957645
-1.228174,5,7.961772
-1.10852,11,7.969989
-0.514859,9,7.976697
-10.189143,2,7.978236
-0.460735,6,7.982866
-10.260653,3,7.985545
-0.254366,3,7.98902
-0.550431,11,7.997108
-20.248511,6,8.001724
-18.440299,22,8.018172
-10.154108,13,8.029418
-10.191164,2,8.031746
18.936638,8,8.038114
9.827114,4,8.04274
-20.2305,6,8.048752
-10.254299,2,8.051764
-16.86807,25,8.068134
-10.242165,4,8.070534
-10.197416,11,8.08015
-10.218217,5,8.084377
-0.204836,3,8.086307
-20.221648,16,8.098216
-0.565163,19,8.114212
-10.210467,2,8.118554
-10.238887,4,8.12475
-10.278826,2,8.12699
-10.284964,3,8.129927
-10.209473,2,8.13458
-10.192755,2,8.138663
-10.245025,3,8.141705
1.036975,16,8.158688
-0.61194,13,8.170932
-0.661074,9,8.178996
-10.172355,5,8.184038
-10.262647,3,8.18795
-3.805464,8,8.19599
-10.255919,3,8.198058
5.028749,7,8.203133
-11.72328,7,8.207439
-0.239561,3,8.210204
-10.262998,2,8.21177
-10.245362,9,8.219865
-10.171166,10,8.225393
-0.568235,10,8.231649
-0.194381,7,8.237464
-20.406642,8,8.243695
-0.657589,19,8.258031
-10.189143,3,8.259977
-0.191025,12,8.26784
-0.283088,5,8.2713
-0.582389,10,8.281163
-20.162729,5,8.284669
-10.16865,10,8.290304
-10.199611,2,8.292587
-17.899538,4,8.297067
-10.315079,5,8.302821
-0.194053,3,8.306212
-10.200854,3,8.308831
27.832486,26,8.33006
-0.251669,10,8.338144
-20.192119,4,8.342314
-0.218039,8,8.34929
-8.499002,7,8.356045
-0.256186,6,8.359561
-0.201501,3,8.361655
9.119167,7,8.36747
-10.159643,2,8.369015
-10.135819,6,8.373118
-0.22294,8,8.377112
-0.214137,14,8.387265
-10.262662,3,8.391421
-0.547507,9,8.399586
6.342709,23,8.417795
-1.999189,13,8.427708
-10.241092,3,8.432223
-10.267448,5,8.437789
-0.226671,7,8.444811
9.551584,8,8.453351
-0.845009,3,8.456244
-1.250481,5,8.460032
-10.156993,5,8.464307
-20.274563,5,8.468628
-17.805789,6,8.474771
8.201024,7,8.481292
-10.171423,9,8.488817
-10.219767,2,8.491094
-0.223377,3,8.493781
-20.541716,8,8.500782
-6.026099,21,8.518002
-10.198055,4,8.521806
-10.28504,2,8.524066
-1.065717,7,8.52843
9.461712,18,8.540762
-10.194321,3,8.544096
-12.230921,4,8.547223
-0.422335,3,8.550599
-10.215349,2,8.553564
9.61114,13,8.56687
-10.229188,5,8.56965
-10.149356,2,8.571893
-10.222738,2,8.573402
-10.245623,3,8.576121
-1.324227,8,8.582287
-8.884295,5,8.585794
-10.234072,4,8.588163
-0.278312,3,8.590817
-10.277259,6,8.596862
-10.178173,8,8.604393
-0.238669,4,8.608237
-10.185547,3,8.610851
-3.235534,5,8.614353
-10.219416,5,8.620689
6.033784,4,8.624443
47.785069,32,8.648874
-8.5068,13,8.943848
-10.178743,5,8.947549
-0.189267,4,8.950739
-10.207082,4,8.953854
-10.286384,3,8.955862
-0.350434,4,8.958319
9.769077,14,8.969272
17.418246,8,8.97559
-10.180023,4,8.978151
-0.50252,12,8.988001
36.21132,28,9.00644
-10.181088,2,9.008962
-10.252306,3,9.011842
-10.17419,7,9.018636
-10.21145,2,9.020173
5.404511,7,9.025862
-10.275693,11,9.032483
-10.193015,3,9.035263
-10.279627,6,9.03988
-10.222566,6,9.046013
-10.210947,11,9.055749
-10.135215,5,9.060244
-0.387317,16,9.072641
9.598841,11,9.083384
-0.467897,10,9.092457
-0.987078,4,9.097262
-10.267454,2,9.099178
-10.218752,2,9.100939
-0.201097,4,9.104983
26.979134,19,9.116115
-10.321844,3,9.119649
-0.52272,8,9.125079
-10.245019,2,9.127644
4.86958,11,9.135057
-10.256946,6,9.139381
-0.341336,4,9.144334
-0.64607,6,9.149088
-0.259944,3,9.151093
-0.280289,8,9.157303
-10.162806,3,9.160725
-10.660324,7,9.164978
23.055118,15,9.177728
23.001604,21,9.191349
-10.195392,4,9.195847
-0.289594,12,9.207231
-11.203568,14,9.214203
-10.173245,5,9.220391
-10.267011,6,9.225663
-0.283088,4,9.229315
-10.259878,2,9.233118
8.216976,15,9.245661
19.294118,11,9.254683
-10.365721,2,9.256996
9.506895,10,9.265644
-0.278016,9,9.274632
-10.133449,5,9.278385
-0.198276,3,9.282555
-0.51615,7,9.289132
-10.231907,5,9.293382
5.193117,18,9.304593
-10.923332,8,9.310792
-0.497156,12,9.318955
-0.446918,7,9.32587
-0.338682,4,9.3303
-0.175309,6,9.33487
-10.230297,9,9.342621
-10.199661,5,9.346676
-20.207639,5,9.351397
-0.34072,12,9.363473
-10.237641,2,9.365423
-10.178537,5,9.372361
-10.214266,8,9.37964
-10.256572,2,9.381539
9.268,14,9.393677
-0.257677,4,9.396306
-10.16869,3,9.399541
-10.388944,2,9.402598
-0.175309,7,9.409263
12.526157,37,9.437051
-10.219635,4,9.440179
-0.819832,10,9.447118
-10.197697,4,9.450175
-10.189138,6,9.454962
-0.28496,3,9.457684
-10.272523,4,9.46074
-10.197641,3,9.462699
9.805112,4,9.465716
-10.229433,8,9.471878
-10.306436,15,9.481062
-10.291361,2,9.482635
-0.179168,3,9.485334
-0.255637,6,9.491338
-0.304389,6,9.495962
-5.342566,12,9.504419
-1.764033,21,9.518829
-0.258763,10,9.52507
9.480063,8,9.529078
-10.192009,3,9.530994
-10.241092,5,9.534475
-0.582968,4,9.536856
-10.150628,2,9.539429
-10.196206,3,9.541598
9.320846,34,9.565223
-10.175924,4,9.56903
9.230877,10,9.577562
8.731272,11,9.585684
9.024399,13,9.59299
-10.17881,2,9.594502
-0.724782,8,9.599161
-0.533064,13,9.608871
-0.240624,4,9.613411
-0.178479,4,9.618027
-6.326201,16,9.630383
-0.185143,14,9.641912
-6.438437,11,9.650004
-10.228338,10,9.657698
-19.570439,4,9.660054
-0.200618,8,9.665374
-10.20735513.997846,18,13.583245,12,9.676692
-1.3374-11.176178,16,9-10.31158-10.33903,5,9.689277
-0.508161,34,9.712297
-10.260416,3,9.715743
-10.222285,6,9.721001
-10.227738,5,9.725333
-1.035891,8,9.731491
-10.166245,3,9.733438
-10.195191,2,928.975248-10.158144,2,911.663643,18,10.03345
-10.253769,12,10.046189
-10.266461,2,10.048835
-0.565554,18,10.061525
-0.99373,19,10.074005
-10.264752,2,10.076429
5.473313,14,10.086992
-0.220528,13,10.098788
11.408977,13,10.110161
-10.241823,4,10.113702
-10.238887,4,10.117061
-10.301505,5,10.122227
-0.637437,9,10.129015
-10.209248,6,10.133642
-30.469679,7,10.138645
-10.181977,2,10.140376
-0.521342,11,10.146148
-0.668956,13,10.156602
-0.234876,9,10.164108
-11.463304,10,10.172604
-10.526664,23,10.190575
-0.260187,4,10.19303
-10.150552,3,10.196462
6.49509,19,10.210655
-10.359076,6,10.215274
-0.695176,10,10.220664
-1.053325,9,10.225737
-1.731896,12,10.233454
-10.159474,2,10.235679
-0.18338,7,10.241324
-10.172359,5,10.247687
-10.196504,5,10.250453
-10.352153,2,10.253452
35.063464,27,10.271586
15.490504,11,10.279592
15.445486,11,10.287057
-10.16132,5,10.291992
-10.17663,7,10.296273
9.845426,4,10.300805
7.259178,11,10.307506
-10.229251,14,10.319655
-10.158778,2,10.321218
-10.186537,19,10.331479
-10.268815,2,10.333979
-10.207278,2,10.336948
-10.226223,8,10.343242
-10.234889,2,10.344833
8.911693,10,10.354043
-4.676413,6,10.359008
-0.481804,8,10.36448
-10.227756,4,10.367528
-10.946342,10,10.374469
19.796526,8,10.378406
-0.421342,7,10.385597
-10.140303,3,10.388991
-10.229873,8,10.395262
5.189765,12,10.40227
12.112597,32,10.421664
-10.219546,4,117.994168,-10.174174,5,112.287996,31,10.446829
-10.182008,3,10.450365
-10.215291,2,10.451933
18.644456,13,10.46334
-2.210109,6,10.467351
-1.466504,5,-6.269145,27,10.477018
-10.164158,-0.205893,7,19.155609,11,10.486675
-10.24435-16.118367,14,10.497983
-10.180325,7,128.476653,23,10.509068
-10.175802,2,10.511366
-10.221216,5,10.516296
9.086533,17,10.528295
-10.251528,4,10.53139
3.191363,11,10.539565
7.365722,13,10.548512
-0.23036,5,10.553411
-0.923235,12,10.563514
-10.219724,4,10.565893
-10.178534,3,10.567825
13.480876,27,10.586828
-10.233172,4,10.59062
-0.454663,6,10.593746
-4.058914,7,10.599452
9.522577,13,10.608299
-0.625041,11,10.616529
-10.197059,3,10.62059
-10.225762,2,10.622199
-10.135819,5,10.627153
9.824143,14,10.637985
-10.277211,3,10.64083
-8.635215,20,10.65804
16.429885,23,10.672169
-0.221771,3,10.675841
-10.27418,2,10.678217
16.375777,11,10.68898
-10.239914,3,10.692101
-10.163196,5,10.697391
-10.197416,6,10.702933
-2.267261,39,10.732611
8.88511,17,10.745507
9.397759,8,10.750111
-0.225959,8,10.756594
2.312516,16,10.769056
-10.178597,3,10.774001
-0.278751,4,10.776457
-10.251528,4,10.780394
-0.338682,3,10.783285
-0.147748,3,10.786296
-4.303946,5,10.790766
-11.46297,20,10.804023
-4.763823,4,10.806451
28.598374,7,10.812415
-0.240624,7,11.120309
0.709176,6,11.125213
-10.156221,2,11.127251
10.651112,13,11.140841
-10.210602,6,11.145171
-10.19496,5,11.150904
0.223742,22,11.168187
-10.220746,3,11.172118
9.761574,9,11.177623
-10.16869,6,11.18277
-7.016804,7,11.190592
-5.019078,4,11.194137
-10.223557,19,11.210991
-10.173245,2,11.214119
-10.278959,29.246008,8,1-1.83425,35,11.242564
-10.135215,8,11.24817
-10.197416,5,11.252939
-10.271979,4,11.256846
9.322466,16,11.270857
17.134459,16,11.28252
-0.306205,6,11.286418
-10.315719,2,11.28798
-10.158144,8,11.296486
1.713553,7,11.301762
5.670797,7,11.309334
9.50869,18,11.32434
-0.21812,3,11.328238
-0.559855,6,11.334221
-10.187919,4,11.337366
-0.476188,5,11.342353
-0.230514,4,11.346157
-10.239592,5,11.350677
-10.186625,4,11.353081
-17.090178,8,11.3572-10.9.463752,8,11.363987
-10.218126,2,11.365726
-10.210483,5,11.370157
-10.60751,9,11.375429
10.292018,26,11.396285
-12.718953,7,11.404529
-10.687984,11,11.415304
-10.174351,5,11.42132
-10.261623,6,11.426104
-10.277482,6,11.430138
-10.231865,5,11.4341
-0.187945,13,11.442737
-0.654764,12,11.451597
-10.259878,7,11.460258
-0.256153,5,11.464624
23.956778,21,11.481263
19.241339,17,11.496696
-10.232825,2,11.499029
-0.200618,4,11.503223
-10.346161,3,11.505535
-0.185488,6,11.512582
-0.486108,15,11.521751
-13.557776,13,11.530803
26.727755,21,11.544057
-0.221065,3,11.546738
18.274743,28,11.565908
-2.046578,10,11.571439
-10.211144,3,11.574149
-20.639281,19,11.589939
-7.606895,6,11.595494
-0.724162,14,11.604338
-3.742411,14,11.613004
-10.192054,6,11.617631
-10.161306,2,11.619945
-10.154065,9,11.625118
-10.196889,5,11.629388
9.786026,4,11.633164
35.72304,23,11.647885
-10.266701,6,11.652554
-0.252219,8,11.658822
-10.230704,2,11.661108
13.489348,33,11.686025
-10.159643,2,11.688334
2.89031,10,11.6946
27.544312,29,11.718569
-10.186214,2,11.720194
-10.191107,2,11.722507
-10.179238,13,11.731689
14.336375,18,11.74129
9.257795,14,12.16119
17.032719,18,12.177099
-10.156187,4,12.181745
-10.21206,4,12.191487
-0.256209,4,12.194798
14.889235,25,12.214161
-0.683908,16,12.226792
-10.231497,14,12.238339
9.779955,7,12.24435
-0.573464,6,12.248245
12.432396,8,12.254419
-0.225871,3,12.257932
17.194348,9,12.26319
-10.218575,4,12.266312
-10.232825,4,12.269464
-10.190236,4,12.273499
8.962085,10,12.280592
-10.239031,6,12.286054
-10.170119,9,12.293179
-10.286384,7,12.299526
-10.195069,3,12.302461
-5.518942,22,12.313897
-0.31822,12,12.323517
-10.229433,5,12.327057
-1.470044,7,12.333599
12.116459,20,12.347781
8.749479,17,12.650096
26.071931,26,12.670132
-10.259642,2,12.672397
-10.168088,2,12.67471
-0.224777,6,12.680172
-1.805184,11,12.689175
-10.197641,5,12.692665
-0.666138,11,12.700919
-3.66874,9,12.706869
31.747258,29,12.727513
13.587299,15,12.73592
-11.821412,18,12.748467
-10.197933,5,12.753624
-10.286828,15,12.765624
9.744138,4,12.771234
-1.388906,14,12.782814
11.847303,23,12.80045
7.551539,22,12.81467
-0.834596,11,12.821517
21.912524,32,12.845639
-10.267064,2,12.847241
-0.82717,5,12.852247
-10.364111,3,12.854213
-10.254068,2,12.856529
-20.344292,13,12.867803
-0.208891,5,12.87151
-10.262998,3,12.87355
-10.202462,8,12.879004
9.415859,5,12.883354
-10.208012,6,12.888773
-10.231497,9,12.89468
-10.237069,2,12.89621
16.208786,18,12.908772
-10.204865,3,12.912142
-10.276437,11,12.92112
-4.038812,11,12.930733
9.211659,17,12.94401
-0.263764,3,12.946617
-10.175924,5,12.951839
16.882573,34,12.978906
2.060557,8,12.984587
-10.180111,12,12.994073
-10.265767,2,12.996661
-10.189538,2,12.998517
24.383544,14,13.008003
-0.918709,5,13.011607
-4.63029,25,13.029094
-0.934924,3,13.031064
-10.272523,2,13.032607
-0.235846,3,13.034572
8.194114,16,13.04765
-10.251528,3,13.050357
-10.269234,3,13.053089
-0.4011,6,13.057769
-10.440741,8,13.064016
-10.199661,2,13.065715
-0.54328,5,13.07079
-10.210947,7,13.075178
24.95012,17,13.092161
-20.773484,8,13.098364
-0.257493,12,13.10874
-10.271302,2,13.111103
-14.473347,8,13.115992
-0.438348,15,13.125068
-10.167115,7,13.130169
-20.457827,10,13.135746
-10.174876,15,13.145637
18.718792,28,13.166693
-0.203862,3,13.168657
5.837463,11,13.177566
-0.577176,10,13.187025
-10.268815,9,13.19634
4.252363,18,13.208568
-10.189538,2,13.210905
-10.192484,3,13.213588
-10.294673,4,13.216016
-10.241008,3,13.218678
5.981227,18,13.22979
-17.974579,8,13.234757
9.133941,20,13.24727
-10.225694,4,13.252718
18.755607,12,13.262876
9.724474,6,13.26851
-7.549795,20,13.283242
-10.181618,7,13.288467
37.094205,22,13.303155
-10.187919,4,13.30906
-10.185584,8,13.315306
8.879181,5,13.318832
17.214213,10,13.328616
8.214567,18,13.340011
11.458362,5,13.344016
-0.591708,6,13.349437
17.484248,23,13.364111
26.64003,9,13.370199
-10.140024,4,13.374076
9.273455,6,13.378752
31.093313,21,13.395621
34.735496,48,13.720195
-10.161306,2,13.722607
-16.195188,14,13.732187
-0.161907,15,13.742103
-0.225971,3,13.744772
-10.285489,7,13.749158
-4.118425,38,13.781874
-11.743243,25,13.800492
-10.289681,7,13.807085
18.942982,10,13.813647
-3.196302,17,13.82575
-10.184219,2,13.828039
-10.270135,7,13.835396
-0.994719,14,13.844859
-0.214327,5,13.847602
9.202203,13,13.858741
-10.286384,3,13.861412
-0.233215,4,13.863792
-0.173753,7,13.868879
-0.905643,11,13.8786
9.089984,8,13.882583
26.881962,31,13.904215
18.383993,21,13.918613
7.998207,5,13.92289
-10.260026,7,13.927994
-10.248025,2,13.92956
-13.944118,6,13.935618
17.296655,18,13.946672
-10.24417,6,13.951393
-10.254081,3,13.954075
16.906934,22,13.968883
-10.162806,4,13.972768
-0.700292,5,13.977799
-10.447303,8,13.984715
8.059556,14,13.99627
-0.61466,6,14.002435
-10.160998,4,14.0062
-10.237716,2,14.008438
-10.185154,3,14.01119
9.31113,14,14.02217
-10.149455,2,14.023702
4.610719,7,14.027284
9.61114,12,14.036534
-10.332102,10,14.044224
-1.249836,7,14.049383
-10.252248,6,14.054775
-10.268111,5,14.059803
36.170526,18,14.071654
-0.173753,3,14.074348
-0.777751,7,14.07797
8.456788,17,14.089084
-10.346161,14,14.101087
-0.735284,13,14.111437
-0.190716,9,14.118473
-3.319586,17,14.130713
-10.654715,7,14.138074
-10.169246,13,14.145607
19.393884,15,14.156105
2.042161,17,14.167171
8.911693,11,14.176822
-0.204972,5,14.180355
-0.670512,10,14.187362
-0.170059,5,14.191639
15.126347,10,14.198802
1.541933,19,14.208925
2.145882,14,14.220105
-7.352811,18,14.235504
7.693698,13,14.249686
9.552802,11,14.258143
-10.294673,3,14.261572
17.727288,10,14.267992
-10.24417,5,14.270763
9.148594,19,14.283923
-10.141185,3,14.285847
-18.417972,6,14.291184
-10.145685,3,14.293886
-1.037864,14,14.303275
-0.579279,8,14.309343
-0.235168,3,14.312881
12.484201,16,14.325817
-20.275892,7,14.331958
-0.563299,5,14.337203
-10.169334,6,14.342062
-0.470311,23,14.361465
-0.695611,7,14.367393
9.377305,6,14.372904
-10.172029,5,14.377988
8.997644,5,14.381329
-10.21145,3,14.384094
30.011301,15,14.396258
37.062376,17,14.407692
-10.218752,8,14.413224
20.221312,12,14.422432
-0.619574,4,14.424799
-10.235373,10,14.433288
-0.214137,8,14.43969
-11.117984,7,14.446439
-10.617165,14,14.454517
33.745138,15,14.466441
15.235766,19,14.479272
-10.229471,5,14.48279
37.74531,31,14.785072
-10.174174,2,14.786625
-10.68238,12,14.793174
-10.232825,6,14.797823
67.054109,30,14.82236
-10.194627,2,14.824744
-10.271979,3,14.828924
-10.244643,3,14.830923
-10.229251,7,14.836723
-10.258726,2,14.838337
-10.217908,9,14.844745
-0.722305,4,14.848674
6.4859,23,14.861808
-0.689723,12,14.870492
-0.202417,5,14.874406
-10.206416,5,14.878603
-10.260416,2,14.88017
-0.469945,9,14.885328
8.672939,15,14.893577
-10.177134,2,14.895821
6.959163,13,14.906077
22.681898,32,14.928687
-1.268234,16,14.938861
-0.874432,14,14.948227
-20.513956,8,14.952252
-10.472268,9,14.957619
-0.452961,6,14.962323
6.937109,17,14.973451
9.044182,38,15.000858
-10.293537,5,15.005175
2.583506,10,15.010728
-10.231907,7,15.015056
-10.233534,2,15.017345
-0.669334,10,15.022073
-0.556297,7,15.026339
9.08307,15,15.038306
8.955492,14,15.049229
-0.78287,8,15.054405
-10.198477,21,15.068325
-10.180556,8,15.075452
20.185557,28,15.094353
-0.256153,3,15.096774
44.207463,40,15.125358
-10.182817,4,15.128863
-10.268714,6,15.133165
-0.237563,5,15.135995
-10.222738,2,15.137621
-0.213166,9,15.147005
-10.196341,10,15.155976
-0.185393,5,15.158824
-10.229371,7,15.163889
-10.973869,16,15.176371
44.362326,39,15.202679
-10.154499,2,15.204221
9.809989,10,15.21277
-0.989722,15,15.222632
-10.181637,2,15.224169
-10.193367,2,15.226433
-0.162377,11,15.234553
-0.252692,3,15.23721
28.743502,19,15.247959
8.566385,14,15.261068
-0.166378,3,15.263274
2.637836,6,15.268232
-10.350808,3,15.271641
-10.185584,8,15.278837
0.178069,21,15.292152
-10.275553,3,15.294301
-10.187724,12,15.305473
-10.229471,2,15.307786
9.445712,13,15.317255
23.273804,22,15.332374
-0.444326,6,15.33782
9.387235,14,15.344919
13.637921,9,15.353035
-10.185586,2,15.354592
-0.201097,4,15.359917
-10.208012,7,15.364916
-10.287939,4,15.367364
-1.454746,11,15.375442
8.991592,7,15.379772
1.801043,7,15.386076
-10.217474,5,15.390106
-12.922923,46,15.423836
-9.378705,12,15.432429
-0.198133,7,15.438184
-10.178207,2,15.439769
-5.701282,8,15.444499
7.907393,35,15.469094
26.908288,12,15.478947
31.679212,32,15.499684
-0.593024,6,15.505017
8.528704,5,15.507824
8.285357,10,15.794551
25.414191,21,15.81056
-11.03852,5,15.81491
-0.630532,9,15.820968
-20.825456,8,15.828026
-10.220901,5,15.833286
18.725781,14,15.843112
-10.158754,8,15.850689
6.678587,23,15.867497
-10.274181,3,15.870222
-0.653561,15,15.87952
16.361206,27,15.898721
-10.289499,4,15.902519
14.897292,15,15.913169
-10.267448,8,15.917952
-10.440741,8,15.923435
-10.353544,2,15.92498
8.62431,19,15.936401
-0.416773,5,15.939899
-10.233226,10,15.947696
-0.208177,9,15.95431
-10.261618,2,15.955891
-0.235007,3,15.957896
8.601194,10,15.964189
-0.800505,4,15.968017
5.377055,27,15.988001
-10.218752,2,15.990339
8.178182,11,15.998482
-10.182337,6,16.002462
-10.200799,3,16.005229
-10.164337,8,16.012127
38.16012,31,16.033732
-0.195639,17,16.044506
-2.256459,26,16.06244
-10.172029,6,16.067462
-10.176293,5,16.071003
0.853587,13,16.081015
-10.158144,5,16.084488
-0.726607,5,16.087369
-0.201735,5,16.090927
-10.296529,3,16.093032
-0.419582,7,16.098719
20.031731,17,16.110082
-10.217924,5,16.114906
4.334814,7,16.119545
-0.208891,5,16.124769
-0.383861,35,16.146574
-0.240949,5,16.150112
-0.346914,7,16.153637
-10.203084,6,16.157536
-0.248718,5,16.161734
-20.570816,11,16.169844
-10.238194,2,16.172141
-10.223336,2,16.173683
-10.18173,3,16.176378
-10.34828,2,16.177934
-10.278959,3,16.181374
-0.226634,4,16.184486
18.673088,14,16.193868
-0.950482,11,16.201988
-0.132747,6,16.205915
-0.870775,7,16.210913
-10.410771,3,16.212912
-0.193132,7,16.218675
-10.352153,5,16.222908
-10.219503,2,16.225349
3.76473,18,16.238907
-10.263921,2,16.241891
-10.195897,2,16.243454
-10.129026,5,16.246949
-10.256936,10,16.253852
9.315937,7,16.261083
-0.292183,14,16.271617
-10.318586,2,16.27392
-0.430875,10,16.281127
8.404458,15,16.290148
-10.18178,4,16.294713
-10.159474,3,16.29803
9.143725,19,16.310241
-10.221851,2,16.313211
18.802181,19,16.327093
-0.521768,8,16.3339
-0.797411,15,16.344503
-20.33329,10,16.351516
7.118035,22,16.367071
-10.158754,2,16.368613
-0.130855,17,16.380067
28.104952,14,16.389458
20.338456,24,16.404398
-10.211454,2,16.406614
-10.231257,3,16.40858
-21.20061,9,16.415927
-10.267938,2,16.417488
-10.254122,3,16.419451
-10.20158,2,16.421732
-10.19996,3,16.42518
19.547626,8,16.431347
-20.014563,3,16.435427
9.374122,8,16.443202
22.138881,25,16.457009
-10.362666,5,16.4612
-20.236952,6,16.466549
-24.33298,37,16.490233
-0.150381,13,16.49989
15.99986,33,16.518125
-10.14868,6,16.522811
-10.197416,2,16.524351
9.786947,5,16.528501
9.142676,11,16.823873
-12.992763,4,16.827237
-10.202502,8,16.833932
-10.211685,8,16.840413
37.647302,13,16.849226
-0.241118,4,16.853569
8.026082,24,16.87193
16.071318,18,16.882551
23.334688,19,16.899851
-0.283377,11,16.908733
-10.191019,2,16.910352
-10.210947,6,16.915898
-10.239082,3,16.91792
-10.196994,2,16.919474
-10.261022,2,16.921842
9.552795,13,16.932497
33.951436,14,16.942087
-0.375932,6,16.947026
-0.49255,5,16.95133
8.944888,11,16.959125
17.965145,37,16.982326
-0.438348,5,16.986644
17.976925,13,16.995103
23.783482,22,17.007603
-10.227445,4,17.009992
-10.217078,3,17.011949
-4.442399,6,17.01514
18.872961,15,17.025758
-1.001583,9,17.031625
-10.174174,3,17.034325
-10.205141,9,17.040995
-0.787805,5,17.044617
7.944789,11,17.05427
1.106419,18,17.068552
18.412465,11,17.076766
-10.235618,11,17.084265
-9.276533,5,17.08778
-10.255264,2,17.090086
-20.393306,3,17.09213
-10.218875,6,17.096466
-10.180384,2,17.098159
-10.156221,5,17.102017
-10.296574,6,17.107509
9.406527,8,17.113855
-10.135819,6,17.117846
18.941274,32,17.137614
-20.344292,5,17.140535
9.799692,5,17.144047
27.731622,16,17.155061
-10.254239,3,17.157745
-0.138291,5,17.162769
-10.152782,2,17.164314
9.519511,5,17.168726
-0.452495,8,17.176401
7.398608,26,17.190511
-13.944118,9,17.195601
-10.20158,2,17.197827
-0.284954,5,17.201577
-10.318863,2,17.204601
-10.169298,3,17.20726
18.937892,10,17.215744
-0.475153,4,17.218782
-3.23152,9,17.225042
39.913319,41,17.248643
-10.187724,2,17.250191
-0.57425,17,17.260858
43.985979,20,17.273513
18.553456,20,17.287636
-10.268111,3,17.290287
9.259405,6,17.294201
9.267926,11,17.302328
-0.456292,5,17.306628
9.348187,6,17.312098
-0.22294,3,17.314851
-10.17852,3,17.318237
9.799692,16,17.328571
-10.211961,2,17.330858
-1.27113,18,17.342651
2.358788,4,17.34501
11.38675,12,17.355038
9.520292,23,17.367975
6.345003,6,17.371894
-10.192755,2,17.374155
14.873294,21,17.387959
-0.956263,18,17.400275
-10.198662,2,17.401834
-2.205165,11,17.408481
22.213493,21,17.421359
-10.2698,11,17.428787
-10.204462,8,17.434271
-8.093884,22,17.446286
9.10474,9,17.453272
19.157737,15,17.461796
-10.168157,2,17.463363
-10.176303,5,17.467871
-13.672787,6,17.471881
-10.164158,4,17.474321
5.927205,21,17.486482
-10.204637,4,17.49115
-0.682537,6,17.495861
-6.376156,8,17.501585
8.132167,11,17.509586
9.829933,7,17.515824
11.647156,22,17.531027
-10.247887,6,17.535369
-10.226223,8,17.541468
-10.220114,2,17.543032
-10.201595,9,17.886599
-10.275759,8,17.894688
-2.206064,20,17.905343
-1.038714,8,17.912888
-20.19771,4,17.917476
-0.773729,7,17.92213
12.31413,40,17.954745
26.972858,26,17.977892
9.462592,10,17.98757
-0.298523,4,17.991727
14.940349,30,18.015816
-12.992763,11,18.026336
8.823338,11,18.03657
8.943685,17,18.04681
-10.296636,4,18.052603
-10.163976,4,18.05661
-10.237641,5,18.059734
-10.496547,8,18.067176
-2.98779,36,18.098735
9.315656,18,18.11615
7.66414,27,18.140718
-10.205119,2,18.14302
39.754335,44,18.172415
7.444561,9,18.177959
16.165682,13,18.186525
7.645714,11,18.194763
-10.211144,4,18.19938
-0.681722,12,18.208447
-13.024996,31,18.227257
-10.159931,4,18.2305
35.556923,23,18.24742
-10.291738,2,18.249688
-20.534628,7,18.255503
-0.19473,5,18.260547
4.488165,15,18.27087
-10.250094,8,18.277389
8.005027,7,18.281785
-10.218613,2,18.284023
-7.146766,26,18.299231
9.309767,13,18.309081
-1.10607,11,18.316094
-10.168088,2,18.319141
-0.289594,5,18.323422
-0.754305,9,18.329382
-10.315719,10,18.337261
-20.454182,10,18.345092
-10.174988,4,18.349218
-0.781532,7,18.352992
-10.250013,4,18.355464
-10.210602,4,18.358779
-20.553335,6,18.36359
-10.243822,6,18.369604
-10.254068,3,18.372392
-0.553947,11,18.379427
-10.248447,3,18.382093
-10.176908,14,18.390986
-0.381743,8,18.395813
-10.186051,5,18.399356
-10.198403,8,18.403423
-10.215542,4,18.405779
14.705826,20,18.416847
-10.215736,5,18.421057
14.841285,25,18.438871
8.915442,27,18.453737
-20.238205,6,18.459225
-34.317345,55,18.494541
-0.225764,9,18.500581
-0.229515,12,18.509952
-11.089045,26,18.528549
6.127764,8,18.533254
-20.199054,9,18.540635
-10.159542,3,18.54327
-10.263599,4,18.546443
-10.159643,17,18.556987
16.562616,27,18.574616
-2.384263,6,18.579235
44.478518,44,18.608186
0.718466,59,18.931701
14.572746,12,18.939227
-10.149004,8,18.944138
-21.885394,38,18.968091
9.644245,18,18.98044
28.910024,25,18.999746
5.639068,13,19.008864
-1.451827,10,19.014481
23.910166,34,19.033674
19.142755,20,19.044815
-10.214456,4,19.048601
24.94944,19,19.063077
-10.187038,4,19.066243
-1.703716,8,19.071756
-10.199313,4,19.074878
9.45598,6,19.079591
-0.284954,8,19.084389
-10.159542,8,19.09072
-0.469096,15,19.100408
32.993943,39,19.126023
-0.450106,3,19.128798
-0.220924,18,19.140909
-10.303553,2,19.143154
-12.160643,9,19.149797
-10.233095,3,19.152567
-12.033943,31,19.172087
-10.174174,4,19.175208
6.522444,7,19.18103
-10.203831,11,19.188492
-10.290071,7,19.194324
-10.218875,2,19.196708
19.183761,8,19.204448
8.355624,9,19.211098
-10.165514,2,19.212735
-10.161711,2,19.214361
-10.217924,3,19.217109
-10.749304,9,19.22319
-10.236448,2,19.22478
0.231822,7,19.228529
-10.236448,4,19.231699
-10.228601,2,19.233289
-20.344292,5,19.237789
9.301691,8,19.243432
-0.433577,12,19.249868
-13.037402,33,19.271165
-10.606352,8,19.275181
15.19392,18,19.287043
-1.058506,9,19.29285
-1.397717,22,19.306109
13.448691,20,19.321368
-10.218613,11,19.335416
51.249211,50,19.378751
-0.689212,10,19.388171
-10.187814,20,19.399051
-10.250129,6,19.404829
-10.219546,6,19.411635
-10.223786,6,19.415924
8.130331,11,19.421931
-0.515953,12,19.429879
1.571927,10,19.437825
-10.21712,7,19.441494
-0.028114,22,19.455733
-0.21618,7,19.46197
12.209116,15,19.472953
-0.835343,14,19.484528
-0.195639,4,19.487761
9.34382,10,19.495486
8.355624,9,19.501603
-11.148913,14,19.509794
-10.194608,5,19.514273
-0.519271,19,19.526628
25.473492,65,19.569692
-0.596041,5,19.573282
-10.246772,6,19.577252
15.387949,27,19.594311
-0.554221,5,19.598582
-0.897567,18,19.61281
-10.263599,2,19.615029
18.382231,10,19.62268
-10.135819,2,19.625578
-0.783981,12,19.632648
18.254796,17,19.642427
33.429393,16,20.07102
-0.256638,15,20.085797
-10.25597,2,20.088575
-0.477622,8,20.100851
-0.653561,6,20.107847
-10.179596,21,20.127419
-10.207533,6,20.131388
-10.254068,6,20.135647
-10.175802,3,20.139227
-0.36674,4,20.14329
4.228861,7,20.147884
8.966357,26,20.163713
18.044506,14,20.172832
-10.133449,4,20.176795
37.309842,32,20.200625
23.237406,17,20.213739
51.522595,45,20.248459
-0.203402,8,20.253939
-10.142968,5,20.256793
-10.235987,2,20.259306
9.807579,5,20.26508
-0.548608,7,20.271609
9.519056,15,20.283438
-0.505927,6,20.289707
21.910981,33,20.312606
-10.360137,4,20.31741
17.855466,20,20.335072
-10.225694,3,20.33859
13.29982,27,20.357055
31.507886,15,20.36745
9.837618,12,20.376901
11.106419,20,20.394085
6.377237,6,20.40094
-0.174862,6,20.404997
-10.21596,4,20.408159
-0.768794,20,20.423961
31.762297,32,20.442945
-10.259782,12,20.450686
18.228351,23,20.468789
-10.27476,4,20.472036
-10.907614,23,20.486103
-10.253648,3,20.488052
9.801737,7,20.491595
-1.577015,8,20.49856
-0.363618,6,20.502513
-10.198804,4,20.505799
-0.645851,17,20.517984
-0.627284,11,20.524673
-10.17935,7,20.529713
9.108428,11,20.535876
-0.150636,3,20.538607
-10.195091,4,20.54245
18.706191,21,20.556417
13.128922,17,20.566016
-10.21382,4,20.569456
-0.409098,11,20.580136
-10.16865,9,20.585913
-0.585407,10,20.591584
-10.178597,7,20.596145
-11.821802,6,20.602018
11.658314,19,20.614438
-10.136935,2,20.616468
-24.318572,32,20.64052
38.496543,22,20.65653
-10.177509,2,20.658214
-20.221742,4,20.661421
4.083402,18,20.675277
-10.221488,3,20.678026
28.6817,18,20.689107
-0.579569,13,20.69974
-2.666515,29,20.721845
21.744121,11,20.729536
9.507674,11,20.736415
36.274336,38,20.763205
9.299486,8,20.769811
-0.803185,5,20.774201
9.405079,6,20.778216
-10.28483,5,20.781762
-7.645706,18,20.790661
-0.826755,24,20.809734
12.384317,26,20.830157
-10.180556,2,21.188631
-10.215291,5,21.193843
-0.197496,6,21.199003
-10.262647,3,21.201155
-1.100154,10,21.208762
-10.17881,13,21.220487
9.101782,34,21.242503
-10.401177,8,21.250851
22.520509,50,21.287719
-10.247185,3,21.289825
-0.809305,13,21.300252
-10.526778,9,21.304853
-3.001895,16,21.315529
-0.73814,7,21.321482
8.836831,16,21.331906
-10.265053,2,21.334291
-0.170093,11,21.34146
-16.118367,4,21.344994
30.067128,44,21.367725
-10.247185,17,21.379449
-0.211955,6,21.383401
9.534708,12,21.393121
5.855697,10,21.398809
14.912633,20,21.41157
-10.245164,6,21.416283
19.193321,22,21.431264
-10.197795,4,21.433824
-10.215529,3,21.436616
-10.179904,4,21.439985
-10.653809,12,21.447817
-10.161124,10,21.454632
3.956463,16,21.464905
-0.988153,15,21.473266
42.592255,28,21.49309
-10.176421,8,21.498566
-10.991001,10,21.506437
-0.94311,6,21.512715
2.89031,6,21.517392
-0.871135,5,21.520878
28.508196,10,21.527172
8.416888,15,21.537033
-10.238768,5,21.54063
19.118465,28,21.557473
-10.173483,13,21.566555
1.038858,14,21.576152
-5.279241,13,21.587388
-20.770847,15,21.599284
-0.223735,6,21.604743
-10.18615,3,21.606944
-10.18998,2,21.60862
-10.241104,4,21.612849
-10.24484,5,21.618534
-10.246423,7,21.623194
23.582473,19,21.634635
-10.211759,8,21.638733
12.887399,12,21.644283
-0.496869,15,21.654828
17.851089,15,21.669018
-7.807782,14,21.679553
-10.178207,2,21.683612
-10.8563,13,21.695021
-10.197271,11,21.703074
28.448003,21,21.716837
27.429465,24,21.73194
-0.747887,12,21.742112
28.060894,23,21.758567
-4.583146,15,21.768338
12.340991,41,21.797652
-10.255978,2,21.799818
-1.346327,18,21.811699
7.434133,21,21.822914
26.477089,43,21.85175
-10.166245,2,21.853426
18.541247,17,21.865973
-16.092958,13,21.874446
-0.524364,10,21.881197
-10.161711,4,21.883889
8.309725,10,21.892152
17.858347,33,22.347141
25.622577,20,22.360072
-11.655967,24,22.375483
-10.18173,9,22.380003
-10.338869,9,22.386139
2.213024,15,22.396906
-10.216153,3,22.399699
-10.235987,3,22.401751
-10.270844,2,22.403472
-2.491381,14,22.414975
-10.174351,5,22.419163
-20.207639,5,22.422435
-1.086357,18,22.439254
-10.619383,7,22.44321
9.350139,15,22.458016
26.964529,31,22.482494
-0.394489,12,22.494828
13.294933,13,22.55694
10.811738,43,22.631491
-10.25057,4,22.63491
-20.192119,4,22.637518
-4.636469,51,22.67192
-10.231497,2,22.673535
-10.246772,7,22.67954
-17.682946,4,22.682012
-20.238528,4,22.684489
-1.10852,7,22.689987
5.560228,25,22.703346
-0.552266,7,22.709349
17.681042,28,22.728385
-0.615141,10,22.737978
-20.599604,12,22.74789
-10.167115,6,22.751926
-20.766539,18,22.76325
13.496332,27,22.779928
9.370018,19,22.791407
-10.236077,3,22.795207
9.792056,6,22.800291
8.494836,27,22.814237
-10.220155,2,22.815793
7.372088,16,23.145342
17.965948,12,23.153918
-10.289016,3,23.157494
19.384758,7,23.162682
-10.194627,5,23.166271
-10.210005,4,23.168698
-0.440532,16,23.180471
28.497581,26,23.197513
-0.564942,9,23.202755
32.792229,21,23.212495
18.031301,20,23.225669
-0.747669,21,23.238041
-0.60839,20,23.249991
-10.324771,2,23.251578
8.075026,34,23.27084
-0.222143,8,23.276887
-10.157161,4,23.280144
-10.198804,2,23.282474
-10.241311,2,23.284806
-10.337883,7,23.292887
-10.195091,4,23.295323
-0.253159,16,23.308265
-10.197493,6,23.311774
-10.220901,2,23.314502
21.224599,33,23.340016
-10.403262,4,23.342596
9.064987,9,23.348355
13.663197,21,23.361567
49.184566,49,23.389546
-0.753496,12,23.399654
3.339628,41,23.428884
-32.986302,64,23.771651
-10.245164,6,23.777162
-0.863443,26,23.798251
7.435118,15,23.808855
-17.682946,4,23.811274
-0.220196,3,23.813278
7.2954,16,23.823701
-10.289822,8,23.828423
18.925537,20,23.841049
-6.015658,18,23.853671
-10.427298,6,23.859192
14.667307,26,23.874952
9.524825,16,23.886883
-5.654997,45,23.911174
-10.230014,5,23.91557
-0.269815,3,23.918275
8.497157,28,23.937762
-10.193998,10,23.943349
18.566676,38,23.967487
1.563784,17,23.977585
-10.226235,3,23.979595
9.067333,18,23.990875
17.903572,8,23.996418
-0.138431,3,23.999095
9.155134,18,24.010136
-10.253978,12,24.017904
-0.950482,10,24.026484
18.143855,16,24.036028
-10.182337,3,24.040169
-0.516068,8,24.044922
-8.472812,6,24.049602
-1.223003,12,24.058204
-10.254068,5,24.061691
32.562108,29,24.080332
-8.290202,31,24.100201
-0.404819,12,24.11231
-10.546118,6,24.116307
-0.983282,15,24.130681
-0.59709,8,24.137561
-23.080265,67,24.176708
-0.646063,10,24.182301
-0.518013,10,24.187845
-10.211144,4,24.19096
-10.10709,7,24.195349
-10.289681,19,24.206894
-21.654063,24,24.223373
-0.29148,7,24.227781
-10.267448,4,24.230173
-10.221009,2,24.231737
-5.480435,25,24.249701
-0.617298,7,24.253538
25.910515,19,24.265922
-10.159542,3,24.268037
-10.218587,4,24.270456
-10.184889,6,24.275267
-0.89837,13,24.28543
-10.202687,20,24.299091
-10.292611,9,24.306189
-9.070554,8,24.311879
-0.713862,20,24.323613
5.949104,6,24.327722
-10.311076,5,24.332069
8.713036,39,24.358729
-10.236315,3,24.360764
9.127869,18,24.374988
-10.229433,10,24.379766
-10.200023,7,24.385733
-10.208817,2,24.387323
-0.563816,11,24.394927
-10.234664,7,24.399206
17.835981,40,24.421107
-10.144401,5,24.424633
-0.713528,7,24.42984
-9.815901,13,24.435788
37.378742,13,24.445551
-10.210947,2,24.447816
-10.33903,8,24.453344
8.390232,21,24.741477
-20.150412,9,24.747996
-10.206737,8,24.753651
-0.446827,15,24.76328
-10.18998,2,24.765089
39.803352,27,24.78256
-10.218126,2,24.784836
-10.36391,6,24.788787
9.194679,12,24.797482
-1.337409,7,24.80245
-10.161124,3,24.804398
-10.133517,11,24.813331
-0.207629,4,24.816771
-10.169898,13,24.824457
-0.245084,5,24.827253
-10.169936,2,24.829529
-0.393254,13,24.837781
-17.44363,15,24.848326
-0.520418,12,24.855269
-0.192593,3,24.857288
9.403855,25,24.873328
-10.167115,2,24.874884
-0.145672,3,24.876853
-0.25137,3,24.878825
-0.662212,15,24.887019
-10.228601,2,24.8886
-10.24926,10,24.896266
-10.253455,15,24.906015
-0.543343,12,24.913131
7.304667,22,24.929503
9.222584,15,24.940643
-0.713379,12,24.947642
-12.992763,9,24.954369
-10.218587,3,24.956303
-10.321844,9,24.962847
10.188096,48,24.988959
2.6439,8,24.995856
0.853587,13,25.002708
46.193867,33,25.022591
1.063066,14,25.031004
23.493868,27,25.044801
-10.390009,4,25.048985
1.590621,14,25.057715
4.463078,17,25.071079
19.461336,15,25.083268
18.711085,13,25.091508
9.030725,23,25.107867
-10.191202,4,25.110904
19.280126,34,25.134576
8.025895,23,25.149889
-10.187724,9,25.155855
-8.572651,49,25.18122
-10.240343,9,25.185625
-10.218126,2,25.187944
5.771796,15,25.197531
-10.140713,4,25.199928
-7.357688,5,25.202726
8.125563,9,25.210193
-0.665694,4,25.214817
25.421359,15,25.223759
27.82138,21,25.235963
9.435521,23,25.250458
-0.534604,13,25.262558
9.354792,16,25.273414
-0.569014,6,25.277965
-10.218906,7,25.283145
-0.755556,10,25.289772
9.16665,12,25.30109
-10.202147,7,25.307645
9.792056,10,25.316608
-20.190228,6,25.32159
-10.953035,26,25.341807
-10.241733,3,25.34394
-0.648297,9,25.351324
4.658511,13,25.359008
68.200637,56,25.388493
-10.162851,4,25.391801
-0.136303,5,25.396201
-10.153216,19,25.408358
16.742003,25,25.723846
-10.182445,20,25.736754
8.834852,11,25.743508
7.161859,13,25.751019
-20.92924,41,25.772783
1.90467,37,25.798497
-10.184751,4,25.801759
14.771613,24,25.813761
-20.558958,24,25.826437
-10.239933,5,25.829959
4.365887,66,25.868165
7.924869,16,25.879246
-0.51118,17,25.889967
-5.561496,41,25.917721
9.541953,23,25.931665
1.757432,20,25.942532
-11.314962,7,25.946836
-10.199952,13,25.953757
9.458124,9,25.960514
-0.908294,12,25.9679
21.607562,24,25.981661
-10.289681,3,25.983921
9.032753,12,25.991645
37.786313,32,26.012116
8.322956,21,26.022922
-1.358626,10,26.030871
-10.229098,3,26.032917
-10.231865,7,26.036546
-17.682946,3,26.039315
8.885267,6,26.044096
-10.22085,6,26.048012
24.286221,61,26.087509
-10.198403,11,26.094506
-0.622373,5,26.097611
16.906934,16,26.109861
-10.21145,7,26.115369
-10.229251,6,26.11915
26.008759,16,26.130645
-0.231907,3,26.136438
-20.673471,15,26.145851
-10.181614,6,26.151487
-10.221948,2,26.153092
19.917562,19,26.169098
-10.230945,4,26.171553
27.912704,23,26.185462
-0.909673,16,26.194234
-20.238528,7,26.197802
-10.289681,7,26.202873
-10.204865,2,26.205148
-0.950482,15,26.214162
-0.239561,6,26.218848
-0.580944,12,26.229882
18.592027,34,26.25057
13.783261,16,26.260933
-10.22172,7,26.26463
10.518568,32,26.28397
-10.210302,13,26.292388
26.908288,13,26.300753
-0.446918,7,26.305214
7.33216,24,26.3193
13.937154,29,26.337789
-0.316332,6,26.343355
-10.227756,16,26.353605
42.54827,46,26.959438
-3.933713,22,26.977266
-20.191039,10,26.985961
-0.201385,5,26.989359
8.09167,35,27.022498
-10.177509,3,27.027128
-0.253159,16,27.038615
-0.166378,4,27.041879
5.529394,17,27.056811
-0.670512,16,27.070093
-0.25137,6,27.075865
-10.24417,3,27.078048
-0.182289,4,27.081859
-17.248502,21,27.097062
-10.631682,7,27.108101
9.223135,25,27.128019
-10.169246,2,27.129788
-10.211144,6,27.134522
-0.227646,5,27.140534
-10.178981,13,27.148903
-10.410771,7,27.153618
-7.5696,22,27.169661
-10.161124,13,27.177476
-10.204329,3,27.181407
-10.21206,15,27.19143
5.707528,40,27.22394
-10.219503,3,27.227022
39.165968,14,27.237539
-10.264983,4,27.240566
-10.197795,9,27.250188
-0.636923,9,27.25814
9.439776,12,27.26683
-10.197157,8,27.273531
-10.186851,8,27.279502
15.699012,28,27.295187
1.496929,13,27.303021
16.916594,23,27.320738
-10.262647,13,27.333588
-10.166348,4,27.336055
-10.26598,2,27.337949
-10.164316,3,27.34098
37.972823,20,27.357196
-10.19564,11,27.370234
-0.542405,16,27.386794
-1.57336,15,27.399753
-1.102837,9,27.407557
-0.494803,15,27.415292
-17.162111,7,27.419899
-0.846285,19,27.434418
-2.067948,15,27.443906
-10.129026,15,27.454236
9.1074,12,27.462358
-10.233788,6,27.466113
-10.268714,12,27.474341
16.536094,28,27.495517
-18.720995,46,27.527113
5.791374,9,27.535645
-10.230014,2,27.537274
-1.308015,8,27.543833
-0.570858,13,27.552246
-10.230799,10,27.558096
14.288368,16,27.573501
-1.58072,20,27.59267
5.011853,23,27.609191
18.363444,14,27.617875
-10.225762,21,27.633653
28.573075,17,27.648078
-10.217924,10,27.656057
-2.873061,15,27.66966
-13.076158,20,27.768807
-10.445167,13,27.801411
-7.656305,16,27.874117
-10.193521,3,27.877826
0.625988,7,27.892536
-10.135819,3,27.896335
-10.239082,4,27.901761
-10.133517,3,27.906315
-10.233769,7,27.912615
-10.226646,7,27.922911
-10.262662,15,28.27135
28.14565,29,28.298242
8.384006,26,28.317334
-10.283145,6,28.320472
-10.196341,9,28.325823
9.50869,12,28.33392
-10.177509,2,28.336994
-0.185143,3,28.339859
-0.658314,15,28.349731
-0.185143,8,28.354717
-0.594955,9,28.360113
-10.271302,7,28.364654
8.295235,15,28.376041
-10.255897,6,28.379441
-10.166245,4,28.384642
-0.568673,12,28.393013
-0.201808,5,28.395946
-10.219503,3,28.399892
16.594933,23,28.414901
-10.233534,12,28.42407
-10.193367,3,28.4276
-10.246979,10,28.436464
-20.620618,13,28.444379
-0.187901,10,28.453755
30.595809,66,28.503573
34.984688,35,28.529866
9.518819,11,28.539183
-0.198512,3,28.542127
4.597985,19,28.55618
8.664115,15,28.566194
-10.202147,8,28.570441
-10.172662,7,28.57564
-0.616975,10,28.582473
-4.719874,15,28.593614
5.581302,28,28.612768
19.813205,25,28.631294
7.789251,19,28.645151
27.672018,29,28.668376
-17.831391,6,28.671685
9.702497,5,28.676423
-10.260026,3,28.679751
17.83387,13,28.687477
9.123573,15,28.699398
19.807704,61,28.737
-4.111349,28,28.754207
-20.534628,34,28.774405
27.549816,34,28.79714
-0.561569,19,28.81123
17.637585,20,28.823659
17.412776,18,28.8384
7.161859,13,28.847364
-0.203471,4,28.850204
-0.640257,23,28.864344
-10.239688,4,28.867634
20.166537,37,28.895621
7.70777,19,28.913524
-10.194852,3,28.916037
-10.332102,4,28.918549
9.01221,14,28.925787
-10.571029,10,28.933659
6.656847,26,28.946845
-10.217282,12,28.954769
-0.250861,4,28.957196
-10.267304,4,28.960937
36.977263,26,28.976678
-10.25997,2,28.979312
6.58467,26,28.99549
23.350702,49,29.333887
26.656841,21,29.351417
-10.218752,4,29.355692
-10.159542,5,29.359569
-8.362408,25,29.378764
-10.255897,2,29.382659
-13.944118,4,29.386713
-0.245165,3,29.390802
-0.193193,11,29.398819
-10.182322,2,29.400895
2.876997,26,29.419014
18.716494,38,29.444359
-1.106056,5,29.450243
22.52764,29,29.468988
-10.176421,5,29.47411
-8.737665,66,29.518033
-14.242309,35,29.539758
-10.315035,2,29.541846
-0.159283,4,29.544396
-0.213567,3,29.546522
-10.509865,5,29.551146
6.988116,17,29.562769
19.178422,17,29.574184
-10.187143,12,29.582035
16.266095,67,29.623717
-0.213824,4,29.627017
6.165448,11,29.632937
-0.514941,9,29.640136
37.517685,18,29.649171
32.844967,24,29.663892
-10.270135,5,29.668201
-10.204865,4,29.672255
-10.321844,3,29.675205
-10.165596,11,29.685191
-16.890005,50,29.722705
9.146944,18,29.73543
-2.348898,14,29.745217
-10.771721,12,29.751994
1.028322,8,29.758516
-10.239688,15,29.768604
-0.527459,14,29.777793
-10.973869,11,29.785804
17.679116,28,29.802671
-10.24406,9,29.80709
-1.10607,12,29.816846
20.406556,17,29.827862
-0.515511,5,29.832038
7.906662,13,29.840029
-10.279627,2,29.841642
-10.293998,4,29.844749
8.884032,16,29.857102
-10.222967,2,29.859415
-0.577162,13,29.868329
0.856719,6,29.873131
-10.271302,7,29.877602
-10.192054,4,29.881107
-4.370933,38,29.904823
-0.175662,7,29.909509
9.53858,16,29.921657
0.157726,13,29.931778
-0.978504,15,29.940995
-10.171071,5,29.944818
-10.277646,9,29.952746
-10.207355,5,29.955789
-10.145685,3,29.957849
-0.539659,5,29.96077
-0.240949,3,29.963682
-10.250094,2,29.965816
1.10976,19,29.981045
-10.28483,2,29.982991
-10.264435,2,29.984638
9.350139,13,29.993999
-10.246073,4,29.997523
-6.557798,75,30.348238
26.382812,15,30.357261
2.873563,19,30.369748
18.53187,22,30.385527
8.111055,14,30.395379
-10.159655,5,30.398735
-10.190744,5,30.402692
-16.324238,6,30.407329
-10.242576,2,30.409016
-10.192596,13,30.418541
17.349592,24,30.432127
18.104386,40,30.459824
-55.90729,52,30.491311
-0.192593,12,30.498178
-0.22294,5,30.502852
-0.99882,23,30.516947
9.879553,12,30.524126
-2.170793,17,30.53565
-10.225726,14,30.544055
-0.659927,12,30.552547
-0.240841,7,30.559576
9.497889,9,30.567448
-0.788898,14,30.575142
47.177908,30,30.598079
-0.66561,24,30.611693
-10.186851,2,30.613407
-10.196429,7,30.617838
-10.21382,5,30.620915
-0.272313,11,30.628889
14.817364,18,30.639842
-10.189567,10,30.646103
-10.225726,16,30.658069
-10.229251,3,30.660203
-10.203736,4,30.663587
23.654386,30,30.681301
9.213055,22,30.69783
9.333434,20,30.712211
16.704271,21,30.724862
3.224115,33,30.748193
-3.621079,18,30.763844
-10.265496,2,30.766712
-10.209518,10,30.773279
-10.186851,3,30.775501
9.83039,11,30.784764
-0.88035,17,30.798473
-10.275606,2,30.801526
-10.338869,6,30.806335
-10.222738,5,30.809513
-0.463052,6,30.813105
-1.355523,24,30.83426
-20.465773,9,30.840446
-1.249836,10,30.845529
-0.261608,8,30.850611
-10.315035,2,30.852408
-0.145672,4,30.854936
-10.189143,5,30.857853
-10.213323,3,30.859926
-0.187901,14,30.869788
57.21453,37,30.891596
-10.315719,9,30.899196
20.649401,33,30.921046
-10.194718,6,30.925115
-0.798162,9,30.93181
11.862755,16,30.945894
19.463077,40,30.971409
-0.467461,6,30.976419
-10.224543,4,30.979724
-10.264983,6,30.98439
-0.534604,8,30.990944
37.111459,41,31.017643
-10.317866,3,31.019855
-2.558571,37,31.3531
15.014383,20,31.363027
-0.679654,9,31.370856
-10.18178,7,31.376526
-0.564717,23,31.39023
8.749205,21,31.405661
-10.19564,3,31.408419
-10.236349,9,31.41478
-10.251528,7,31.420148
8.325647,24,31.434387
-0.484796,33,31.455642
-10.251528,7,31.462545
29.229221,14,31.473132
9.35048,7,31.477974
2.29028,34,31.498925
-10.284964,5,31.501685
33.600676,33,31.519922
-0.231185,5,31.524094
-11.299937,22,31.541328
-10.234377,2,31.542918
-10.150637,4,31.54636
17.42435,22,31.560321
-10.251528,11,31.567303
10.66804,15,31.574315
-10.254866,16,31.588263
32.920711,41,31.617033
9.069339,16,31.627657
-7.348843,16,31.63919
-0.193314,3,31.642071
-2.436744,16,31.650727
-10.207093,5,31.65363
-6.28221,21,31.667691
5.857236,9,31.67226
-10.264835,10,31.680718
8.75847,26,31.698805
-10.211759,12,31.704695
-14.055359,3,31.706745
-10.338869,11,31.71399
5.088743,22,31.727539
38.016208,17,31.742216
-0.668559,12,31.752081
-10.161711,10,31.759448
-10.187143,4,31.763654
-0.831278,14,31.773909
-0.151354,7,31.778282
-0.192785,4,31.78295
41.296104,41,31.809364
18.827427,38,31.832066
-0.165923,4,31.836471
-10.181088,7,31.842095
-0.661927,12,31.850052
9.360667,5,31.852933
-10.270844,7,31.858167
9.477785,5,31.860983
-10.229251,5,31.864235
-10.180556,3,31.868129
-0.456558,6,31.873054
14.991877,16,31.884362
6.503016,19,31.895421
-10.218906,5,31.898852
-10.161124,10,31.905533
18.307794,19,31.920867
-0.950482,6,31.924809
-10.234072,3,31.92696
-10.217908,11,31.937034
27.2529,24,31.954202
-8.827909,16,31.967042
-10.188684,2,31.968928
23.826235,38,31.991504
19.174939,14,31.999526
-0.141127,5,32.002402
6.096377,15,32.010051
-4.622594,12,32.017756
2.862482,47,32.341864
9.103459,34,32.364916
16.262952,22,32.37856
-2.115614,12,32.386666
-10.186851,5,32.390368
-10.231842,8,32.397275
-10.251528,6,32.401012
-10.534382,17,32.411371
-11.717245,10,32.418326
40.143333,35,32.440719
12.119986,23,32.454043
-2.607687,19,32.464901
-10.301505,3,32.467137
-10.191107,4,32.470651
20.390206,19,32.485417
-10.159542,4,32.488782
7.354878,32,32.507619
-11.43997,18,32.517592
-10.271618,2,32.519248
9.498243,8,32.52566
-10.180556,2,32.527387
7.203968,27,32.546235
-10.270135,4,32.549985
-0.468838,30,32.574946
-10.229118,2,32.57687
-10.28483,3,32.581617
-20.214875,3,32.58429
-0.437407,17,32.599402
-1.397463,16,32.609099
8.267868,17,32.620181
-10.310942,19,32.633085
-6.550771,24,32.646875
-10.217908,3,32.650054
-0.549494,8,32.654822
-0.774886,27,32.669188
-10.275553,3,32.671471
50.115027,56,32.707815
-10.268747,11,32.71433
-17.332308,11,32.721821
-10.259615,3,32.724948
16.023195,28,32.743841
10.480865,14,32.758867
-10.219503,2,32.760533
-0.283377,14,32.770977
-0.264591,7,32.775592
8.555284,44,32.82041
-0.150636,7,32.826098
9.28101,10,32.836817
-10.204865,3,32.840592
-10.176293,5,32.843703
7.334998,10,32.855466
-10.262834,14,32.867958
20.876929,13,32.87761
35.917371,28,32.910226
6.743406,25,32.926389
-0.208891,6,32.929819
-0.201735,5,32.937341
-10.159474,2,32.939666
8.830228,23,32.955649
17.544699,26,32.976062
-0.602418,17,32.986125
-10.36391,3,32.991266
-10.347727,6,33.019854
-1.571657,20,33.039115
-0.71869,20,33.083709
-5.476007,35,33.168839
2.375695,15,33.190971
66.813015,60,33.605857
9.50869,10,33.612683
-13.511042,6,33.619451
-1.940144,14,33.628195
7.799735,24,33.645558
18.356397,41,33.669287
-10.156811,8,33.674432
-10.246008,15,33.686119
9.239378,20,33.699116
-10.167865,7,33.703186
-10.174277,4,33.705616
27.144604,22,33.717782
-10.267304,7,33.722292
-10.235489,5,33.72535
-0.182289,4,33.728611
15.948212,20,33.740106
-10.215484,4,33.744274
17.391113,17,33.756603
-7.40117,11,33.765499
-10.289822,3,33.767915
9.522577,14,33.77715
-10.216332,4,33.779874
-10.171677,4,33.783214
-10.218875,5,33.787199
-10.215529,4,34.068188
-0.301327,7,34.073256
20.352003,35,34.093732
8.659763,20,34.107686
10.121082,50,34.135396
-2.809099,29,34.153918
-10.216644,3,34.157812
-10.186998,4,34.160551
7.813544,26,34.177139
9.463626,24,34.1918
-10.229188,3,34.193924
-10.199313,7,34.199231
-0.944134,5,34.204227
-10.64433,13,34.213353
11.64751,26,34.232841
-10.277482,8,34.237676
-10.255264,6,34.242015
27.830865,29,34.26505
17.939999,35,34.28929
-10.236315,2,34.291673
-0.244373,13,34.300161
15.965036,16,34.3131
20.284213,30,34.331309
9.267872,10,34.338646
15.918435,21,34.355076
9.579412,11,34.364453
-20.190228,4,34.367603
-22.708757,41,34.393888
-10.218198,5,34.397592
9.162156,19,34.407707
-10.210467,5,34.412058
-3.570115,18,34.424318
6.15457,12,34.431566
-0.221716,7,34.436747
35.180161,72,34.486924
-0.700292,7,34.492382
-0.159283,6,34.496516
9.177706,52,34.529131
-10.258726,5,34.534066
-0.437905,14,34.541126
-10.237844,6,34.547013
17.724343,25,34.853347
-10.244643,3,34.855373
-10.265278,18,34.867373
4.459857,24,34.883377
19.46089,18,34.896259
-0.158286,15,34.909053
3.89187,30,34.922956
40.565066,29,34.941387
13.864667,47,34.972232
-10.226646,4,34.975518
-10.209473,4,34.977959
-20.699075,9,34.983941
-10.149004,4,34.988039
6.443838,21,35.000101
-10.662951,21,35.012097
32.79014,47,35.040239
-10.238961,4,35.044861
26.923759,47,35.073599
-0.983282,17,35.084518
-10.199313,9,35.0909
-1.873942,25,35.109769
-10.169298,13,35.117909
-0.647443,20,35.13223
-0.626262,23,35.146265
8.261718,14,35.155893
0.983172,12,35.162452
-10.233569,5,35.166057
-10.227575,3,35.168192
18.570124,9,35.175151
-258.258953,136,35.255414
-10.191019,9,35.262354
0.566117,27,35.278226
-0.673645,12,35.288974
-0.546582,27,35.304017
-0.192593,3,35.306056
-0.229515,15,35.317997
11.854321,26,35.33213
-10.28853,12,35.338028
-0.390663,6,35.341388
-10.223459,26,35.356172
7.532444,22,35.369299
-10.200854,4,35.373395
-10.204329,4,35.375806
-0.622016,8,35.381033
4.556474,32,35.401429
-19.259277,6,35.40477
-0.693215,8,35.408995
21.546521,25,35.44113
13.851235,22,35.462354
19.323314,14,35.470603
-0.665409,6,35.474374
-10.220358,2,35.476627
-10.227953,7,35.484038
9.21075,33,35.504603
9.492294,16,35.516058
8.935435,16,35.818084
6.443838,17,35.830344
10.781921,18,35.842399
-0.141214,21,35.856655
18.927249,15,35.86637
-10.1643,3,35.869439
-10.202147,10,35.878821
-0.769736,15,35.88909
-10.186625,15,35.896974
9.789055,5,35.901364
-0.621588,7,35.905641
36.866272,32,35.923362
-10.249853,8,35.928253
-10.220114,6,35.931958
-10.210947,8,35.937839
14.343444,39,35.960309
-10.259878,6,35.963843
-10.271302,2,35.965896
-0.197771,7,35.970652
-0.803185,7,35.975832
-10.250051,6,35.979188
9.430739,24,35.9945
-0.475649,24,36.007358
-0.600803,6,36.012326
4.031953,9,36.019866
-10.255521,2,36.021456
-0.739033,26,36.03644
-0.360849,8,36.041699
-0.145672,4,36.045616
7.425297,21,36.060012
14.336375,24,36.075216
9.51916,9,36.081555
3.141164,18,36.114939
-10.359076,10,36.13158
15.852929,14,36.154016
-10.217474,2,36.160934
-0.579279,11,36.190416
17.324864,19,36.223686
-0.744294,28,36.240799
-10.189503,6,36.24573
-20.410681,20,36.257278
-10.192396,4,36.260559
25.11093,36,36.281996
-2.501445,26,36.29617
-10.24417,7,36.301023
-0.556297,10,36.307471
-10.222775,7,36.311177
-0.349806,7,36.31613
25.414177,35,36.337948
-10.264835,3,36.340111
-10.222835,11,36.349305
-10.159655,6,36.353489
-10.268747,5,36.357873
7.565132,27,36.373879
-121.061539,118,36.44837
-1.423903,14,36.456564
-0.21736,6,36.459773
10.409785,21,36.477154
16.997824,26,36.492611
-10.165596,4,36.495045
-10.318586,7,36.499975
15.595857,23,36.512323
19.386324,31,36.532577
-10.209248,19,36.547002
36.00971,30,36.562098
-2.602989,27,36.906334
5.603968,44,36.936585
8.623119,20,36.949065
17.590129,28,36.966099
9.471273,10,36.97185
5.508721,41,37.000239
19.257591,22,37.015351
-10.198804,2,37.018172
38.867472,33,37.035306
-0.527459,15,37.045808
-10.271302,5,37.049294
-0.275927,5,37.053658
18.754995,19,37.063241
-10.217474,7,37.068242
6.972073,17,37.080142
-10.251528,4,37.084035
-1.227976,12,37.09158
25.479131,23,37.114467
-0.235168,7,37.118871
-10.289419,20,37.132088
-10.255897,8,37.13854
8.588018,12,37.14523
-0.166164,22,37.159722
-20.162729,9,37.165365
0.910864,10,37.172955
9.251768,28,37.191371
-0.259198,9,37.196888
9.762981,9,37.202055
-1.461548,13,37.209227
-0.208157,10,37.219114
16.992832,22,37.233623
19.02908,12,37.243953
-0.465873,5,37.247083
6.089527,19,37.261173
-0.513881,14,37.273973
-4.634249,40,37.302488
19.094911,12,37.31003
-10.201131,11,37.315754
-10.221948,6,37.322238
8.039982,44,37.345668
-0.226634,14,37.355665
15.80984,25,37.374353
-0.978864,34,37.39309
-0.878824,14,37.402706
20.491406,38,37.424175
-10.229251,5,37.427994
5.358984,38,37.45356
42.555609,26,37.470177
-0.753496,6,37.47352
-42.339824,83,37.52725
-62.202895,50,37.555961
14.90945,47,38.056161
-20.192617,7,38.061034
37.385783,80,38.124055
-10.239684,5,38.12747
-3.42095,20,38.146211
18.057674,23,38.275295
-10.230945,2,38.280538
-0.485502,5,38.284262
25.505195,51,38.320783
-0.80753,22,38.338449
28.586506,20,38.360198
9.086514,6,38.36744
-0.200276,3,38.371113
-1.212843,33,38.395339
-10.190032,4,38.398716
4.162181,10,38.405394
-0.988153,18,38.419377
13.877583,15,38.432817
17.908541,25,38.449528
-17.805789,7,38.455165
-0.152851,4,38.458948
63.011043,51,38.510508
-10.193998,9,38.519017
-10.289499,5,38.522018
-10.232825,7,38.526873
-10.23615,4,38.530273
-10.168711,13,38.539627
-10.495651,17,38.551306
-0.621117,6,38.554789
-8.086583,16,38.563551
-0.150339,6,38.567283
1.873576,13,38.578067
-0.161963,7,38.584408
-10.233396,9,38.588961
8.1072,20,38.600047
-10.182445,10,38.606916
-10.174753,3,38.609269
-10.271209,12,38.616254
-10.263599,8,38.622136
-10.225694,4,38.625222
-0.505561,19,38.636722
5.777139,31,38.655664
-0.240949,13,38.662564
9.264615,15,38.672103
-0.350434,4,38.676122
-8.776904,7,38.680467
-0.201735,3,38.682974
-0.175154,25,38.701142
7.212699,30,38.721783
-8.776904,5,38.724803
-10.245181,3,38.727823
-1.12167,13,38.736801
2.007686,7,38.740795
-0.158466,3,38.743028
15.23408,17,38.753012
40.523071,35,38.775442
-8.268617,9,38.783821
8.522684,8,38.789139
-0.192593,5,38.792852
-10.258367,10,38.798512
9.359276,6,38.803228
21.665917,26,38.816723
27.786346,46,38.839155
12.583985,21,38.850809
-0.51671,8,38.856244
-0.530457,15,38.865581
22.784613,29,38.886364
-0.525898,14,39.232602
-20.195412,7,39.23794
-10.18173,16,39.249851
18.302413,13,39.261716
12.289545,18,39.27237
-10.284964,7,39.27618
-10.252306,8,39.283282
-0.338682,11,39.291141
6.528847,36,39.31308
65.292317,51,39.341348
-0.260187,3,39.343396
-14.342802,35,39.363187
28.122402,25,39.379894
-10.21145,2,39.381512
-10.245362,10,39.387825
12.690099,10,39.392704
7.831523,10,39.400699
-10.189628,5,39.405246
-0.201982,3,39.408883
-2.078187,49,39.441478
10.166606,28,39.458255
3.018878,68,39.495644
8.518684,23,39.507238
-0.264463,3,39.509213
-10.180023,3,39.511206
19.085643,20,39.523185
6.511668,46,39.543698
-0.568299,26,39.558166
13.572921,37,39.576979
16.450107,36,39.597147
8.777533,19,39.610213
28.4029,52,39.635841
28.527622,84,39.677375
-0.611595,7,39.68256
28.356234,36,39.699836
-0.20438,17,39.71051
18.677375,17,39.720414
-10.166596,2,39.722032
19.090785,25,39.735578
20.429908,11,39.741719
-0.55655,21,39.753253
8.35308,20,39.764369
-10.190303,2,39.765983
-10.269031,4,39.768354
1.108178,25,39.781469
41.309392,71,40.115337
-10.192396,4,40.117799
22.127995,29,40.13384
15.438464,54,40.161329
18.687118,19,40.171141
3.725509,22,40.183959
9.127493,12,40.192672
-6.374565,8,40.198363
24.603367,26,40.214239
9.362504,14,40.223166
-0.235007,6,40.2264
-6.684153,23,40.241319
-3.032183,15,40.249664
4.237162,27,40.267704
9.970841,28,40.282561
46.930489,44,40.306708
-0.88798,8,40.312169
36.449695,34,40.331076
-20.195412,7,40.336177
-0.227262,6,40.340293
-10.191681,20,40.351519
5.347994,45,40.378655
13.915554,45,40.404141
36.612226,22,40.41851
9.373696,6,40.422581
41.4945,68,40.454858
-0.293994,9,40.460857
-9.913786,9,40.466039
-10.186625,6,40.472328
-10.176421,16,40.486847
23.798812,51,40.549934
-10.445167,12,40.568976
-10.211144,8,40.600075
-0.653561,8,40.607838
9.20866,11,40.618101
11.588495,22,40.635182
-10.265767,6,40.641496
8.761763,15,40.650176
18.360229,12,40.657455
-0.544075,13,40.666897
-0.380089,3,40.669733
6.390911,18,40.682906
-0.279318,12,40.690895
-24.484842,34,40.71804
17.655984,19,40.730584
9.590145,6,40.736179
34.352395,34,40.75649
-10.26403,3,40.758989
-10.235489,3,40.761856
17.96189,31,40.780675
-10.255264,2,40.782838
-0.185369,4,40.786072
8.518505,29,40.801853
-10.238237,28,41.369351
-0.487889,22,41.395339
-0.216944,7,41.406308
-0.390663,12,41.426926
-10.259878,11,41.4381
-10.211278,6,41.445055
20.388342,24,41.472513
9.781578,4,41.477421
31.617875,53,41.518826
-10.263921,6,41.523112
-10.184219,10,41.528143
-0.65875,6,41.533638
-0.364881,8,41.542547
-0.419273,11,41.552677
-0.506658,28,41.572045
4.856415,10,41.578204
9.734396,10,41.587137
-4.206604,22,41.60025
13.612306,46,41.629585
35.492462,35,41.655267
-10.184751,3,41.657356
-0.175154,11,41.663672
-20.831294,58,41.705686
-10.378236,3,41.708795
31.581532,43,41.737059
-10.196682,3,41.739175
-0.151354,15,41.748252
12.242609,42,41.772463
17.384386,31,41.792609
-10.253769,3,41.79459
17.440551,23,41.811506
-1.221698,29,41.840168
-10.250051,2,41.842989
7.592618,13,41.851309
-10.251528,13,41.857719
-10.181977,6,41.861178
0.92298,24,41.873998
2.809584,13,41.883347
27.272688,20,41.893285
-10.150892,11,41.900682
-10.156187,4,41.90407
-0.812033,15,41.912939
28.312603,20,41.927061
-2.15572,20,41.937516
17.115034,27,41.955928
5.253077,38,41.985448
14.197703,49,42.012269
9.449203,27,42.027203
15.423556,24,42.042509
-10.238768,2,42.044165
9.34929,20,42.059348
18.415715,25,42.07342
-32.044936,69,42.406458
9.545962,33,42.42785
-10.279256,6,42.431667
20.314759,19,42.443933
-10.23216,21,42.456623
8.908353,31,42.476969
8.722644,34,42.497341
17.444754,22,42.510745
9.343679,37,42.534033
5.377363,42,42.5577
-10.223897,4,42.561673
-10.211961,10,42.571598
9.253284,10,42.578192
9.323955,7,42.582271
-0.912602,13,42.588695
31.659711,44,42.608326
-18.891822,56,42.644214
38.829933,67,42.682607
47.051436,30,42.698659
35.96188,53,42.731775
17.657205,27,42.753141
-20.209445,9,42.75828
32.805963,30,42.777006
2.358788,6,42.781801
11.730944,19,42.792611
-0.227646,6,42.795912
7.169179,36,42.815372
2.140233,14,42.823942
-1.388906,15,42.832222
-10.150628,3,42.83429
-10.140303,4,42.837603
-0.435412,15,42.846413
-11.076303,11,42.854182
-0.225952,7,42.858741
-10.233557,5,42.861648
-10.189143,5,42.866097
-10.258367,4,42.869531
18.129211,13,42.879057
-0.292503,11,42.885879
-0.304389,4,42.888337
25.492891,19,42.898943
-8.72727,8,42.904155
2.276066,41,42.927382
-10.22728,5,42.931164
10.41499,46,43.074901
10.193714,13,43.086075
16.127469,43,43.119559
-0.193462,3,43.121651
-10.236315,2,43.12338
-10.982989,13,43.130574
-1.100374,33,43.454485
29.020716,18,43.464902
14.981339,30,43.485027
-10.177134,3,43.48728
17.439638,12,43.494089
-10.198257,2,43.495739
15.040238,26,43.512006
19.448541,52,43.540537
-10.311584,3,43.543415
-1.370346,9,43.550554
13.369227,28,43.56693
-0.534604,11,43.573026
22.948984,22,43.587163
-10.166245,10,43.594547
-10.217024,3,43.596637
-10.219503,5,43.60082
8.96152,11,43.607191
-10.236349,4,43.609721
31.281341,32,43.626697
-0.283088,5,43.629557
-1.54188,21,43.640507
-0.496617,9,43.645946
-10.197157,2,43.647924
9.192307,11,43.655196
-20.236952,9,43.661394
27.55173,25,43.674939
4.13815,32,43.692829
-0.129504,4,43.695373
-10.236448,5,43.699576
6.165448,40,43.722025
-10.202665,5,43.725982
3.390448,15,43.735749
-10.232871,4,43.738286
18.405028,53,43.769724
8.454983,32,43.7883
18.82912,24,43.802867
-0.934924,27,43.818286
11.193804,37,43.843537
-10.168711,8,43.849252
-10.258367,24,43.860907
-10.210467,3,43.862973
6.165448,14,43.874922
-1.338439,4,43.878215
24.838415,17,43.887365
19.066215,26,43.903639
8.403833,93,43.961109
-10.629895,6,43.965841
-0.617298,13,43.975365
26.796791,48,44.004847
-0.505561,18,44.016717
-20.195412,17,44.027125
-10.210947,8,44.03356
-0.186887,5,44.037298
-10.268577,4,44.039909
5.743921,8,44.044066
5.114035,29,44.060662
17.367964,10,44.067913
-0.194402,4,44.071226
9.067411,20,44.08136
-10.1643,2,44.083545
-0.227646,11,44.389841
-10.201131,2,44.392315
0.129225,19,44.407072
5.514132,7,44.410852
-10.193998,2,44.412554
19.036166,18,44.424014
-4.0168,54,44.644277
17.280417,38,44.672129
-10.199952,7,44.67675
-8.92675,25,44.689012
-0.683139,20,44.702694
9.510893,17,44.714056
-10.216644,5,44.717312
7.892883,58,44.752251
-1.25572,13,44.761594
9.842389,10,44.767872
-0.259216,6,44.773311
5.171818,9,44.779623
-10.153124,3,44.782277
-0.175154,5,44.785971
-0.682537,19,44.797452
-0.739033,15,44.806832
16.638845,20,44.817661
13.484507,30,44.832841
-0.147748,5,44.835726
-10.445167,18,44.846168
21.033306,61,44.879773
24.664437,27,44.896949
9.52301,11,44.903914
9.060033,34,44.922199
27.767294,49,44.951308
13.857228,28,44.971225
7.454185,10,44.976844
23.273247,27,44.9943
-10.246759,4,44.996912
-9.767574,8,45.002294
-0.208242,11,45.007668
50.250063,43,45.033911
21.466471,23,45.048606
16.919312,9,45.05385
-1.380876,15,45.062361
12.887399,9,45.069197
-0.458909,13,45.076032
-10.223236,2,45.077812
-0.258615,5,45.083477
-10.259878,10,45.088462
8.208622,36,45.106673
23.196273,52,45.133962
8.518468,19,45.143359
9.611926,4,45.145721
-28.306228,59,45.181636
-0.914589,4,45.184403
18.355924,47,45.499069
-20.386226,12,45.50493
20.749697,39,45.571521
-0.185143,5,45.575538
-10.130466,6,45.580012
-10.899365,22,45.601828
-13.720459,10,45.607355
27.618775,18,45.620136
17.045242,22,45.634954
7.996816,15,45.643474
-10.222944,4,45.647711
-2.873061,8,45.652556
8.117603,33,45.669032
9.563551,21,45.679474
9.228369,23,45.692959
-10.247887,6,45.69687
38.468604,16,45.705651
24.552202,17,45.714448
33.307851,33,45.73399
33.696187,23,45.746662
-7.753554,27,45.764975
-10.205757,4,45.767843
19.22102,17,45.778291
31.301475,75,45.820626
-10.133517,5,45.823496
8.55863,13,45.831425
9.312158,15,45.839764
28.772468,78,45.883502
-10.174277,3,45.886246
-10.195276,11,45.894902
31.049966,37,45.917784
-0.629967,18,45.927667
-10.19496,3,45.929746
-10.238961,15,45.940678
13.882603,22,45.95245
-10.24926,7,45.95695
-0.666412,15,45.966902
8.574627,9,45.973072
-10.218126,4,45.97637
9.226225,10,45.983724
3.334135,42,46.009826
8.35031,51,46.038387
-1.607689,14,46.047798
-10.228765,3,46.050368
-0.534774,11,46.056555
22.346559,28,46.072852
-10.171071,2,46.074424
6.625172,25,46.08851
17.83119,18,46.09976
9.861037,10,46.107132
-10.158144,2,46.109601
13.189556,42,46.133537
-10.28853,6,46.136788
41.462771,56,46.459605
33.730237,29,46.474582
-10.207533,13,46.4818
32.47178,43,46.503297
0.331575,25,46.517277
-10.164158,16,46.525765
30.71857,73,46.572017
9.522577,11,46.578381
-0.450329,25,46.594003
-10.176303,3,46.596079
24.23948,61,46.634801
32.423094,30,46.652986
13.612376,36,46.672773
-10.191107,3,46.674932
-20.089786,3,46.67698
9.335213,8,46.683135
-22.216727,68,46.720468
-10.234072,2,46.722033
-10.245228,3,46.724841
-10.195091,3,46.727684
-1.756433,28,46.744417
36.012845,30,46.758619
-10.163196,4,46.761127
-4.515523,19,46.771821
-1.377196,5,46.774814
17.410759,10,46.781758
-19.375486,44,46.804074
-19.590614,49,46.832347
8.355814,55,46.863436
-0.252539,3,46.866876
-10.270077,3,46.869748
-10.233534,7,46.874211
-10.171427,2,46.875928
-4.107751,19,46.886535
-28.675408,50,46.911181
-0.646063,10,46.917503
-10.23216,7,46.921896
-10.269969,2,46.923472
-0.21812,20,46.933826
-4.441678,25,46.949856
-7.308305,3,46.9528
-0.774446,9,46.95822
-0.227646,8,46.962284
-1.144647,10,46.967464
-7.895832,20,46.977158
13.53497,42,46.998771
13.98838,15,47.009827
-10.188516,3,47.011849
39.630023,37,47.321675
-10.255264,6,47.325272
-10.250051,11,47.331292
-0.240624,8,47.338293
-10.206647,4,47.34076
-10.260653,4,47.343154
-10.448654,13,47.352218
5.269552,9,47.357508
9.41587,22,47.367751
17.692978,63,47.400656
4.59676,30,47.4165
-10.270844,11,47.421887
-0.538317,4,47.425092
13.290727,57,47.451936
-0.847519,7,47.457203
8.852483,20,47.472885
2.461871,21,47.484639
-20.236952,7,47.489778
-10.202462,3,47.49188
-11.928476,54,47.523414
5.852929,37,47.542121
-1.10852,6,47.545374
10.420186,31,47.563064
4.855743,22,47.580268
-0.223735,13,47.591022
-10.19996,3,47.594048
-14.03724,20,47.608253
19.147583,19,47.622965
8.022168,22,47.640097
-4.148279,17,47.65252
-0.793989,18,47.663603
-1.10852,13,47.674651
-10.283716,7,47.681979
-0.243547,14,47.691794
-10.178522,8,47.696474
-10.205929,4,47.700545
0.621852,22,47.712664
8.353103,18,47.724622
35.834275,43,47.75056
-64.609545,95,47.811353
-10.199132,2,47.81313
-10.304352,2,47.815171
-0.229515,10,47.821672
9.178154,54,47.854616
-14.03724,6,47.860135
-1.377196,10,47.868645
9.174691,8,47.877529
30.351818,82,47.929981
-0.283541,3,47.932979
-28.639597,46,47.960934
-2.146087,20,48.393371
-10.491786,11,48.399934
-0.526773,18,48.413268
-0.196653,5,48.416727
8.949615,20,48.42973
22.939452,47,48.456297
-0.649019,23,48.470512
18.838158,11,48.476041
2.46277,27,48.491657
-9.853794,48,48.516333
43.59676,68,48.55731
10.452977,43,48.580591
7.087589,30,48.59483
14.689606,42,48.618846
11.529105,22,48.630249
-0.155958,3,48.634233
-11.366011,22,48.64513
-0.141127,17,48.654422
-0.643769,8,48.658658
-2.687758,6,48.661893
-0.878622,18,48.674608
19.323314,11,48.68079
5.827351,42,48.704613
-10.212177,8,48.709704
-10.859871,32,48.729961
-10.235489,8,48.735258
-0.256153,6,48.740368
32.037198,67,48.776057
28.070122,46,48.80269
8.588018,10,48.810218
-10.270844,3,48.812243
0.625988,5,48.816652
-10.303292,6,48.820842
-8.128316,29,48.837481
-10.184219,4,48.840753
-0.638026,10,48.847536
-10.212441,7,48.852418
-10.207278,5,48.855977
11.058731,28,48.869557
26.225511,41,48.888798
9.702497,5,48.891689
39.769185,60,48.927409
-2.687758,7,48.931392
15.505648,36,48.953092
-0.755444,23,48.965614
-10.234908,13,48.973572
9.63077,20,49.293035
-0.782786,11,49.299299
11.953196,35,49.325159
-10.239003,5,49.330062
-1.703724,75,49.370016
24.550623,59,49.402634
-0.265551,16,49.410097
9.341803,8,49.414375
8.8362,35,49.434898
-4.122045,12,49.443035
-10.277054,3,49.445047
-10.590161,7,49.450095
-20.511378,9,49.45557
2.464499,14,49.465731
-0.182289,5,49.468719
-0.487265,11,49.47407
-0.208177,11,49.482443
11.237603,46,49.507157
-10.20338,6,49.510386
-10.218752,2,49.512748
-1.935947,19,49.522691
-10.176908,2,49.52428
-0.593024,23,49.536332
-10.243822,5,49.539198
-10.212419,3,49.541227
6.077816,21,49.552635
2.708265,33,49.572318
8.815742,7,49.576879
-10.19553,8,49.582484
-10.245181,4,49.585143
19.000179,31,49.605197
-1.807113,6,49.608468
-0.201735,3,49.610482
22.782852,56,49.643355
-124.212134,84,49.690022
37.080178,47,49.717107
-10.222967,2,49.718929
-12.906567,43,49.743766
-0.732091,15,49.753078
27.837882,31,49.768733
-10.171071,5,49.771683
-0.193193,6,49.77564
16.858851,25,49.78706
8.046991,17,49.7965
8.666722,19,49.811304
4.973471,69,49.848513
-0.179519,5,49.851728
-10.229251,5,49.854594
2.03264,14,49.863748
-10.22172,2,49.865883
9.46388,29,49.882913
-10.168088,2,49.884726
-10.305779,3,49.888541
8.974821,42,50.2212
32.467197,57,50.254334
9.032753,13,50.262232
47.197455,49,50.287996
-10.154065,4,50.290794
5.104358,35,50.309216
12.404488,21,50.327498
27.988135,39,50.35044
10.019221,57,50.381165
18.649771,18,50.391605
-10.166245,5,50.394987
12.168949,53,50.427729
19.148793,10,50.434795
-20.2305,10,50.440626
-0.15893,4,50.443313
9.371778,6,50.45106
9.543264,11,50.459206
23.413839,32,50.479928
-0.853578,8,50.485401-57.19846,24,50.501565
-3.585895,23,50.51251
22.71384,76,50.540069
-54.144459,80,50.571556-109.53474,84,50.590144-7.819461,46,50.60369
-2.737972,32,50.616615
-28.650972,112,50.664677
-10.154169,9,50.67032
-10.236448,7,50.675299
45.319605,64,50.712496
25.224281,18,50.727002
-167.442506,154,51.116972
24.886025,23,51.131127
-10.206492,10,51.139393
26.019307,32,51.175484
16.258802,49,51.27396
-10.323032,5,51.279477
-0.470884,8,51.28518
-52.687339,84,51.336898
28.22122,33,51.353089
-11.857997,62,51.38716
-0.765501,10,51.392923
-0.655753,39,51.412828
18.638401,36,51.433692
36.40011,35,51.4519
-6.621063,92,51.503057
-10.27759,2,51.504673
-10.184751,12,51.511982
-10.199952,16,51.523001
-10.160231,12,51.529336
-0.693132,8,51.534631
5.540727,89,51.584733
-0.749673,29,51.604901
-93.085388,101,51.656814
-0.276577,15,51.666656
-9.161794,63,51.698301
9.19179,43,51.720653
-10.244643,16,51.729633
-10.222775,18,51.739996
-0.283541,11,51.747728
-10.24417,11,51.754309
26.054371,34,52.083683
-10.168711,9,52.089038
9.194924,23,52.104958
-10.135288,2,52.107689
8.034397,16,52.11851
-41.570664,103,52.177408
-14.055359,3,52.179551
-10.283145,7,52.184702
25.157377,38,52.204684
-10.445167,14,52.213939
-10.241733,6,52.219391
16.316125,33,52.23601
-10.201131,2,52.237621
-11.5971,89,52.284095
22.615558,88,52.326547
-57.217194,86,52.370262
-200.753574,179,52.467204
-23.212041,14,52.475517
42.648322,45,52.497666
-10.318762,12,52.505678
-10.232825,8,52.510673
-10.190214,3,52.512753
15.541339,26,52.527856
-7.348843,4,52.530467
8.931735,30,52.546643
33.273247,37,52.567348
7.156132,38,52.591763
-10.230945,7,52.596395
15.833304,69,52.631389
3.248349,29,52.937811
10.64606,14,52.948066
15.533485,13,52.957462
-10.229433,10,52.964113
-14.055359,3,52.966955
31.151094,64,53.000628
-20.2305,7,53.004627
41.179866,46,53.026173
-0.512323,15,53.03675
9.374166,21,53.049558
41.902217,34,53.064127
18.101996,14,53.07258
20.703798,49,53.103968
16.172335,78,53.155362
-0.21716,6,53.159439
9.520292,19,53.169609
-18.624098,65,53.206222
64.50941,74,53.253355
-0.198512,4,53.26684
-10.207278,6,53.272373
8.376862,26,53.292688
21.309094,26,53.310742
7.853592,18,53.326416
-10.270135,5,53.330472
37.436927,23,53.343331
8.267868,23,53.356902
15.298892,34,53.37731
-10.179927,8,53.383421
-0.663489,12,53.390108
32.109507,51,53.415378
-10.218126,11,53.421632
-1.342132,35,53.442584
9.215854,17,53.451544
-0.198102,5,53.454617
24.022742,52,53.6724
17.992533,19,53.686155
-10.210947,6,53.689548
-0.659927,11,53.695041
-11.087435,57,53.729206
-2.075005,47,54.050259
-10.246073,4,54.052944
14.938083,31,54.069522
-3.998286,69,54.113977
10.829901,33,54.13888
-20.235549,9,54.146114
4.803806,15,54.162516
-0.227646,15,54.175151
0.451384,52,54.210241
27.813017,62,54.251541
4.590655,67,54.288929
5.896956,17,54.299445
3.743679,48,54.33336
45.286884,41,54.357996
-20.2305,12,54.373252
-0.150636,8,54.382584
38.249167,56,54.438198
9.80147,6,54.44219
7.454185,7,54.450615
-0.257974,3,54.453316
7.59011,44,54.48588
-10.234072,2,54.488197
7.834275,19,54.504497
-16.324238,14,54.519917
-10.149225,17,54.535232
-10.378236,2,54.537549
-10.210587,19,54.555162
-10.193998,2,54.557657
1.535372,40,54.587406
-0.158286,8,54.593975
7.490808,23,54.609675
-10.216791,8,54.619197
-73.801163,106,54.689655
9.455366,26,54.704651
-112.511551,144,55.095109
-0.254235,5,55.099542
35.622996,34,55.127037
9.48513,11,55.134513
-0.360849,4,55.137262
9.541194,8,55.143102
19.427435,19,55.157228
22.249507,17,55.168786
24.013504,45,55.194068
-0.536338,13,55.203557
9.199111,14,55.211474
14.988172,57,55.244704
12.692084,27,55.261385
20.749697,27,55.275711
19.072931,27,55.288745
17.19818,51,55.319226
-0.213166,5,55.323674
9.075972,33,55.346101
-10.255264,5,55.350451
-7.202034,66,55.388416
-4.038137,7,55.39302
5.360514,21,55.405196
-10.185586,3,55.40721
-117.509753,149,55.491545
-10.390009,2,55.493952
19.091226,38,55.516345
8.027332,17,55.525007
34.079876,72,55.561987
52.058672,43,55.587794
18.929574,21,55.599915
-0.520529,22,55.610516
-1.358626,11,55.618742
15.23408,7,55.624991
-10.224585,3,55.627861
41.639683,45,55.655015
34.81239,50,55.683776
-10.255897,3,55.685832
-10.637227,12,55.693258
-10.448654,6,55.69647
15.711247,58,56.021299
-0.17368,7,56.025955
29.882491,18,56.038402
-0.638026,17,56.047157
-10.182445,12,56.055372
-2.56124,42,56.080172
-70.347913,91,56.131915
-0.187887,5,56.135011
-0.637833,9,56.14032
-1.372806,21,56.15271
-0.55762,35,56.171251
-9.913786,8,56.175811
9.131825,6,56.18192
-0.253159,9,56.186875
18.537733,24,56.199779
-10.225694,6,56.205511
-0.228983,18,56.215647
9.302676,25,56.227608
39.789904,74,56.263812
-18.394028,129,56.332035
6.262296,15,56.34046
-10.225694,3,56.342715
-1.606065,11,56.35134
-0.773248,21,56.362316
4.731806,23,56.38376
-0.192593,10,56.400122
26.389189,20,56.438763
52.910915,48,56.507507
13.448691,65,56.545284
-0.292862,10,56.551874
-10.223786,6,56.555437
18.798171,16,56.563825
7.161859,16,56.576834
-11.791969,55,56.605431
-7.240164,7,56.611691
-20.773596,22,56.624464
-0.915664,8,56.629323
6.902268,70,56.960974
51.149871,52,56.99142
42.39639,70,57.036062
38.063417,27,57.052147
23.731958,55,57.085031
-10.276844,2,57.086712
27.967385,29,57.103732
-10.212177,5,57.10844
1.909097,23,57.120298
6.350879,82,57.163204
-76.511424,121,57.224675
7.886292,19,57.236945
8.976323,25,57.251061
-75.909623,132,57.320825
36.746678,49,57.345885
-2.472386,31,57.36359
42.847483,66,57.394548
-0.227646,3,57.396615
70.031202,54,57.425426
18.219353,12,57.434918
-0.182908,4,57.437489
-10.271618,2,57.439149
27.540999,44,57.463746
11.529684,32,57.481976
-0.667921,5,57.485066
-0.160123,4,57.488983
26.64003,12,57.495568
2.461871,22,57.506743
9.439344,27,57.523876
-3.473989,48,57.841646
-10.382955,67,57.874749
-10.237469,9,57.88242
-10.212441,3,57.884782
-0.891167,16,57.893893
-10.194608,3,57.895912
55.786175,55,57.923525
-0.190716,6,57.926871
-10.243052,26,57.941429
-10.650631,7,57.945917
37.544161,18,57.955586
23.130618,57,57.987124
28.198627,32,58.00301
19.566403,10,58.011424
-10.154169,6,58.015417
28.292104,72,58.053223
-10.195725,5,58.056219
19.901439,31,58.075446
9.543038,23,58.0898
23.498453,34,58.107346
9.332863,18,58.117705
12.887399,10,58.124143
-10.189143,5,58.13008
27.080799,15,58.138472
24.913216,76,58.183927
40.717345,46,58.208434
-58.03775,102,58.258861
25.694886,31,58.276827
-10.246772,5,58.279825
42.638683,51,58.313819
17.196721,24,58.328978
57.351894,51,58.359334
-0.470884,10,58.366202
24.169817,24,58.382818
-10.304352,3,58.384903
9.38904,9,58.390421
-0.678504,13,58.399946
30.148496,44,58.729619
-0.618331,13,58.738268
28.975089,15,58.748038
-133.80293,155,58.831928
-7.895324,69,58.870082
28.40429,22,58.880848
6.964662,33,58.900939
9.861037,21,58.913001
-10.172323,15,58.922208
-39.011762,114,58.979537
-7.531902,51,59.008239
-20.363246,8,59.013306
15.073421,21,59.023282
-0.17627,8,59.028121
9.010305,7,59.033766
8.447896,34,59.049999
0.494236,30,59.064894
24.229249,66,59.10354
-10.519583,10,59.108649
17.541082,61,59.143141
-0.225837,3,59.146689
9.832639,7,59.150654
18.449058,11,59.155944
8.988736,17,59.165713
22.200729,23,59.178505
8.037254,22,59.191286
-0.252184,11,59.197396
-0.533946,21,59.210857
18.326444,51,59.239179
-4.5288,37,59.258791
19.363414,12,59.265786
-0.641933,16,59.275031
-10.276844,4,59.278262
-10.270077,18,59.583658
19.217636,13,59.590209
-0.245084,3,59.592341
-11.086486,14,59.602844
-10.184691,6,59.607225
23.733363,45,59.628881
-10.259947,2,59.630665
-0.31516,42,59.654045
13.552775,12,59.672437
-12.151833,6,59.688351
-0.345711,8,59.728219
-10.23615,2,59.738749
34.484285,21,59.803976
-10.166245,6,59.810676
19.217636,14,59.824221
-0.211722,8,59.83063
28.02661,44,59.865657
-10.21145,5,59.889813
-36.91494,65,59.93301
-10.266701,4,59.936473
-10.165596,20,59.947491
-0.974835,9,59.952819
9.450796,12,59.959113
-44.817605,61,59.996237
-10.173248,3,59.998852
-14.712704,75,60.039781
-0.191191,6,60.045326
40.565066,47,60.071293
-0.178593,6,60.075978
10.519179,26,60.091745
-0.590949,14,60.100442
-10.158144,8,60.104647
8.569167,21,60.1169
6.300776,64,60.152185
-0.502274,28,60.167861
27.694402,59,60.205067
8.356672,10,60.21087
9.459447,22,60.254359
-10.189882,13,60.314545
-20.583461,15,60.339097
0.758745,32,60.358774
65.900752,65,60.401364
10.554223,13,60.410943
-10.278526,25,60.434829
5.743921,10,60.442625
-0.292862,6,60.447157
-1.446113,79,60.793845
-22.561099,169,60.879427
19.33684,35,60.896505
27.623033,29,60.909603
37.797578,79,60.954446
3.23801,12,60.961115
15.517983,28,60.976282
9.544269,14,60.984851
-0.488745,26,60.997588
-10.20908,2,61.000228
30.359706,35,61.018711
-8.630369,25,61.034363
18.912891,37,61.053534
43.037875,34,61.075341
-0.158286,12,61.081967
-0.800505,14,61.091393
-0.394073,10,61.098238
-10.218126,7,61.10289
17.959814,45,61.130872
57.040823,36,61.150405
6.062519,24,61.162674
18.527327,20,61.173766
9.33276,7,61.17848
35.461248,18,61.188281
-0.465538,19,61.199733
27.866224,27,61.215325
-2.417258,89,61.277245
-0.229515,14,61.287075
32.267042,63,61.328054
7.801311,14,61.339702
-10.768176,24,61.665835
-11.034933,100,61.715761
30.943341,55,61.744386
14.035225,53,61.769732
-10.230014,7,61.773307
44.638192,80,61.814157
-10.154499,8,61.818937
28.255348,35,61.836843
38.225636,49,61.861238
-0.619417,20,61.871557
52.976172,60,61.900045
-1.358626,12,61.906382
-10.223897,5,61.909174
33.105141,41,61.928717
-11.095948,6,61.933503
12.129564,9,61.938735
28.109755,41,61.957319
-0.693214,10,61.962958
-10.364111,2,61.965438
9.290785,34,61.985588
-0.778985,41,62.007713
-10.789544,24,62.019851
47.226171,55,62.046861
18.365381,41,62.065415
10.76538,33,62.080715
-51.466721,111,62.138847
33.925897,23,62.149613
20.862138,59,62.180672
15.010634,51,62.541743
6.626732,39,62.567719
9.327281,18,62.57714
24.661977,26,62.590137
-10.245181,25,62.603426
-10.24417,8,62.608311
32.958019,56,62.638319
44.331036,34,62.655887
-8.043763,32,62.672597
-0.283377,22,62.682289
18.124915,41,62.702501
9.842389,6,62.705665
-10.277519,16,62.715484
18.3934,34,62.732826
8.873839,31,62.748497
23.188684,26,62.761315
9.333553,14,62.768375
20.390206,13,62.775128
33.854829,36,62.79333
16.17292,17,62.802417
-0.806424,34,62.818334
-0.136303,25,62.830629
-0.264591,23,63.242008
8.838156,17,63.251812
-10.198728,7,63.256245
-10.212441,3,63.258292
17.466801,52,63.284992
-1.461548,12,63.291401
-10.192561,4,63.293774
15.626751,31,63.30826
-10.258726,3,63.310306
14.038757,62,63.338559
-0.448273,14,63.344902
-0.544224,6,63.349563
8.999534,43,63.375106
22.984178,37,63.391437
-10.23216,6,63.394603
-0.857095,18,63.402472
-11.271378,81,63.439805
-1.124179,14,63.728687
24.954574,25,63.740274
-10.193998,4,63.742692
-10.218126,14,63.750684
12.795009,15,63.759881
18.342135,68,63.794461
18.674999,29,63.806572
-0.166378,4,63.809047
52.151199,50,63.832098
21.043389,36,63.854363
-10.166348,2,63.856
-10.205757,4,63.858417
-7.012208,43,63.882513
-110.488661,131,63.943714
56.834666,40,63.963399
31.97467,28,63.976728
13.68868,29,63.991708
16.907592,39,64.011191
15.223231,30,64.025408
7.945023,97,64.073613
31.199862,29,64.089192
45.439211,37,64.107941
9.727818,45,64.132168
29.030954,32,64.149597
36.64662,26,64.164958
19.427134,31,64.193554
-10.247887,5,64.200378
-10.271979,7,64.208231
-10.849199,25,64.23345
-0.243377,15,64.24703
-11.5652,55,64.293561
1.946664,11,64.30041
7.116048,13,64.613581
21.892131,40,64.636915
8.739479,18,64.645916
28.125808,44,64.675552
-10.161124,6,64.681275
-0.182289,7,64.68701
4.080869,154,64.90003
-0.749673,11,64.907963
-0.228356,8,64.916185
36.922488,51,64.94383
-1.989473,15,64.954379
-10.210302,5,64.957349
-4.251073,25,64.971122
-10.317686,5,64.975325
12.912361,20,64.985946
9.409085,18,64.995784
-22.159763,45,65.030187
-10.210302,13,65.040139
-0.541578,14,65.049222
-81.493527,67,65.091164
-0.521768,11,65.104663
3.948112,13,65.11338
28.175579,40,65.134885
-0.136303,5,65.13782
-10.183359,6,65.141213
3.489897,14,65.149082
5.575241,51,65.176572
17.83128,32,65.195458
-10.276437,13,65.204439
-10.318586,20,65.215476
19.382451,21,65.22778
14.59606,55,65.261938
-11.48482,77,65.304204
20.270199,34,65.329422
-10.250051,13,65.336899
-57.738527,72,65.785201
1.101657,18,65.797457
19.348303,31,65.816696
19.860272,60,65.850934
-3.116189,48,65.875818
-10.154169,17,65.887097
18.646655,8,65.893366
7.441955,21,65.907295
-0.640268,11,65.914374
-107.323633,73,65.955794
-1.158403,33,65.974017
9.281001,30,65.989345
20.66266,30,66.006774
37.119215,58,66.034265
-11.876573,3,66.036337
19.535237,8,66.041464
-10.276844,3,66.043549
-0.283541,3,66.045587
17.656394,19,66.056104
-0.225952,3,66.058483
24.148833,53,66.085321
20.390206,15,66.159809
-0.717696,16,66.19483
25.521571,30,66.21853
8.335124,10,66.22456
-10.180556,2,66.226466
5.534043,47,66.254124
33.273247,34,66.271845
10.475853,13,66.281264
-10.222775,3,66.283383
28.887931,53,66.309668
12.199487,22,66.321916
-0.288598,6,66.325161
-0.283541,3,66.327163
21.526483,78,66.366666
34.921732,45,66.396005
7.015679,30,66.411221
2.977199,36,66.43254
36.889129,51,66.760398
27.457902,24,66.771554
-20.220857,7,66.775191
-10.296574,4,66.77852
-0.629556,18,66.788429
-0.227262,5,66.791231
36.022643,20,66.800005
13.552775,17,66.809167
-10.253978,17,66.818275
-11.276988,17,66.826515
-10.147733,2,66.828761
-0.665409,9,66.83452
56.229931,37,66.855467
40.650108,35,66.873879
43.503913,40,66.895103
38.462587,25,66.907645
-0.192593,18,66.916641
-0.51118,12,66.923271
-10.179523,6,66.926433
-0.596041,27,66.940393
36.000651,30,66.956531
-1.094791,21,66.969471
10.993506,76,67.004982
17.881047,42,67.025623
-2.193693,56,67.048803
29.773133,56,67.077172
32.042609,47,67.100318
-0.800027,27,67.116425
-122.99753,137,67.181546
1.492041,110,67.244326
-10.165596,3,67.249826
18.003038,16,67.260939
28.430979,16,67.269277
22.197798,22,67.281202
48.07406,26,67.593827
28.485427,32,67.609424
9.80517,15,67.618795
10.018394,15,67.62898
35.74559,35,67.647418
-0.190889,9,67.652588
60.748721,64,67.6826
18.350181,47,67.7043
12.887399,17,67.71361
-10.271302,16,67.722268
-0.706473,12,67.730904
9.425222,11,67.738853
-0.620089,17,67.748077
9.251539,18,67.757634
19.505029,19,67.76906
-10.231842,4,67.771846
-0.316332,23,67.788159
14.372361,18,67.798104
9.055536,26,67.815188
-1.000224,42,67.841827
-1.501034,39,67.861912
-10.215529,11,67.868628
17.42435,20,67.879828
23.429664,38,67.900235
-10.192396,2,67.901992
19.382964,10,67.906884
-3.922561,6,67.910073
-10.161711,5,67.913619
9.61496,31,67.928765
18.54818,32,67.945488
49.168611,45,67.968586
-1.261698,31,67.984563
26.890794,73,68.018615
-10.188871,2,68.020849
-20.363246,6,68.024723
16.183587,49,68.046849
37.236558,25,68.061521
-10.262411,9,68.065995
-4.525783,7,68.071051
-10.186625,43,68.093754
57.37759,53,68.123706
8.336088,21,68.133017
9.443427,26,68.437653
17.136131,31,68.451455
-0.579279,8,68.455416
21.293099,50,68.480398
27.289811,11,68.48584
8.873392,25,68.499436
31.207576,29,68.51482
24.298159,19,68.523992
9.315148,26,68.536491
42.283099,39,68.55662
31.173484,16,68.565356
-0.229721,5,68.568127
19.504243,38,68.587095
2.524735,77,68.622649
34.877565,77,68.660665
23.589615,42,68.681441
-2.04219,23,68.692002
-0.221771,25,68.704166
26.043786,63,68.733709
-20.236952,6,68.737716
41.253938,18,68.74645
9.23484,11,68.752384
8.274265,36,68.768821
-51.484777,76,68.804792
-0.160123,8,68.809513
2.694109,34,68.826811
46.657182,30,68.841829
27.032203,60,68.87027
16.554114,57,68.896931
-10.184751,8,68.900933
17.965948,11,68.909119
16.820208,16,68.91902
36.554729,29,69.224717
-0.538508,23,69.237405
9.528451,16,69.248249
8.274144,51,69.277383
29.93034,40,69.302085
-10.159474,7,69.305873
-6.535836,6,69.310076
-10.199661,14,69.31835
-10.311584,2,69.319987
37.432061,27,69.334295
-0.225952,12,69.341547
12.187521,52,69.36302
8.782604,22,69.375357
-10.233545,16,69.384877
8.880274,14,69.39376
21.37346,59,69.429211
24.321137,48,69.453568
46.337447,56,69.481241
19.385667,8,69.485956
-20.191039,7,69.489581
9.539063,18,69.499812
-10.180023,2,69.502183
47.307827,43,69.524141
27.454506,23,69.533903
8.991592,7,69.5382
4.821203,15,69.546555
27.359532,32,69.563924
19.422339,11,69.569787
17.115034,30,69.58402
31.449964,37,69.600982
8.563754,35,69.616934
-0.193193,16,69.624874
9.268,9,69.630773
34.5761,48,69.654409
-1.09429,14,69.661439
-10.166245,4,69.66377
22.560911,53,69.689581
-10.259878,5,69.69239
35.372286,71,69.723338
5.089498,87,70.049732
12.690099,17,70.059569
18.041533,64,70.095706
-10.169694,7,70.100387
-10.317686,10,70.107966
18.650672,14,70.11622
11.148948,84,70.156936
8.903372,21,70.168396
-10.187143,29,70.183043
9.144926,13,70.190556
33.371485,83,70.228915
-10.214993,10,70.234411
8.473537,23,70.246673
-0.29813,9,70.251752
-10.247993,16,70.260534
1.157223,64,70.289798
22.332391,87,70.334527
18.550407,26,70.347054
2.962349,33,70.363331
11.770346,33,70.381931
-0.245084,11,70.387104
13.697039,20,70.397288
-10.262647,13,70.404764
3.692868,20,70.413262
9.497451,11,70.419893
-0.670482,21,70.431279
-10.218587,7,70.434813
-0.726607,7,70.439887
-10.262834,6,70.443037
-0.141127,5,70.445785
9.302676,13,70.453879
34.759913,32,70.468986
-32.164798,128,70.532165
12.729114,42,70.553572
-41.306967,111,70.89023
38.451544,26,70.90526
-10.318586,4,70.908392
11.515424,24,70.918852
88.427333,79,70.958375
-0.205221,5,70.961155
-10.200354,6,70.96439
-10.223897,2,70.96597
-1.695095,15,70.974995
-10.184751,6,70.978198
-5.997861,50,71.0046
47.194531,31,71.021509
-7.669761,26,71.035758
7.766544,15,71.043275
-41.818266,113,71.100501
43.487845,31,71.1156
-10.140713,5,71.118428
9.459666,30,71.134662
-0.150636,7,71.138511
-7.316038,59,71.168336
9.212315,14,71.175457
0.171788,8,71.180288
24.287606,36,71.200462
49.828532,54,71.229889
-10.296636,10,71.235425
-0.678797,10,71.240212
6.03771,35,71.263333
-10.223786,3,71.265349
69.061138,51,71.290448
7.905657,8,71.295239
-82.873768,127,71.358027
-1.095837,10,71.362797
9.543846,6,71.366837
22.735138,31,71.382298
16.766111,31,71.681203
27.937921,50,71.70704
18.838158,14,71.715049
-91.686195,94,71.761164
-10.225694,3,71.76322
-0.197323,19,71.775439
-10.161306,2,71.778454
46.609474,30,71.792911
10.424449,30,71.808827
6.406388,32,71.823821
39.374226,57,71.849554
18.423094,61,72.093625
-5.374388,32,72.109869
-20.239392,16,72.117012
29.388243,86,72.158268
-10.223786,3,72.16045
24.344115,32,72.177985
-10.182322,7,72.182434
53.4764,75,72.21523
-0.174009,3,72.217271
8.729016,10,72.222056
38.539214,41,72.242943
-69.630209,131,72.302988
7.705705,23,72.315691
4.002254,30,72.329118
24.071104,19,72.338985
-10.604913,7,72.342578
-4.555151,78,72.38083
15.867364,21,72.670075
-0.150636,4,72.67391
-10.213323,11,72.679076
-10.295733,7,72.682794
5.890883,32,72.698089
-10.207689,3,72.70161
10.365195,62,72.732501
27.852667,12,72.739634
-10.180965,12,72.745156
-0.859143,24,72.758016
27.441955,44,72.782709
36.728619,17,72.791073
-10.180556,8,72.796132
17.441955,28,72.81276
-10.267011,2,72.814285
9.14636,14,72.821345
-0.937742,20,72.830712
-0.574873,11,72.836605
30.206965,72,72.8715
-0.201097,3,72.874187
-0.220528,7,72.877853
-6.283401,45,72.902019
-10.207533,10,72.906793
8.560282,24,72.916914
12.36318,46,72.938698
-10.242576,6,72.94186
20.162916,16,72.952041
10.018394,23,72.963523
-10.176293,7,72.967024
10.742745,18,72.975693
-10.242576,20,72.987623
9.675295,19,72.998242
8.783022,21,73.009495
25.969868,36,73.029112
19.781991,8,73.033801
-1.372806,18,73.043212
9.067333,25,73.056139
8.361705,15,73.064424
-14.26843,17,73.074214
33.68201,21,73.083197
9.160522,14,73.091956
45.816258,62,73.124094
14.768129,24,73.136779
-0.26359,5,73.139629
-0.47938,41,73.160537
-6.87505,10,73.166833
17.255553,19,73.176028
-10.200674,4,73.17837
-0.166164,6,73.181511
-10.296636,2,73.183058
18.012646,44,73.484835
8.507467,6,73.488237
-0.201735,7,73.492008
9.536185,24,73.50415
-0.537433,14,73.513139
-0.223735,11,73.519281
18.798171,29,73.532283
31.27098,34,73.549051
-15.970453,76,73.584361
-10.23615,7,73.58796
9.208536,9,73.592368
40.021124,43,73.613744
-11.677326,67,73.648761
-10.165532,3,73.650741
1.714873,119,73.707953
15.7224,47,73.731071
-10.180325,7,73.735004
9.44869,19,73.74625
26.954705,34,73.765569
9.751756,10,73.772526
-10.176293,3,73.774584
25.211657,51,73.798092
-10.172659,9,73.804615
-1.474113,58,73.833121
-0.190761,3,73.83536
-10.176303,5,73.838175
-0.160123,5,73.84099
-0.220196,8,73.844973
-0.175662,3,73.847087
33.084351,71,73.882285
25.735054,51,73.906864
3.116671,27,73.919918
-10.159083,2,73.921484
-10.202687,4,73.923864
5.602767,39,73.944209
-20.195412,5,73.947031
17.882435,53,73.970377
-14.455402,11,73.976248
-10.987579,26,73.987267
17.78293,49,74.312022
-0.141214,8,74.317059
9.234541,10,74.322633
-0.273294,17,74.332036
-8.5068,9,74.337532
-10.445167,11,74.343725
9.675295,8,74.350252
-10.230945,16,74.359935
-10.230014,2,74.361652
25.079997,55,74.384398
-10.204329,3,74.386388
14.208968,56,74.415227
9.160568,14,74.42332
19.363209,14,74.43056
-1.669185,17,74.438121
18.190384,41,74.462457
9.484554,7,74.46689
27.549476,106,74.514178
-1.389674,44,74.536313
22.015517,15,74.544626
39.12285,20,74.554832
-99.08156,183,74.641801
-10.167115,2,74.643421
25.083545,18,74.652182
-10.196903,13,74.658889
32.136427,27,74.673217
26.805608,75,74.710019
-10.129419,11,74.715277
17.69738,24,74.728716
-0.394073,13,74.735629
53.071178,61,74.764714
16.209448,30,74.781447
-0.198512,4,74.783768
2.557362,60,75.095871
-0.658536,7,75.099886
18.438955,26,75.112075
-37.354979,171,75.189916
-20.239392,6,75.193139
-10.251528,5,75.197679
31.451285,70,75.230339
21.828472,78,75.267482
10.906714,22,75.277844
34.857908,14,75.28418
28.014069,68,75.317111
9.273549,10,75.324727
52.151199,50,75.351335
41.783493,39,75.371939
32.722771,34,75.388683
19.604716,14,75.39665
-0.203318,8,75.40146
-10.214456,8,75.406266
9.577635,8,75.411951
18.754995,30,75.426233
-0.223735,12,75.431843
-0.204836,4,75.434293
59.161595,58,75.462281
-10.318586,3,75.464273
-0.183073,3,75.466245
-10.604913,9,75.470656
-0.29474,14,75.478527
21.441097,72,75.513339
22.042469,48,75.537176
11.967153,43,75.562346
-4.562473,60,75.592439
28.293641,44,75.891649
4.01718,19,75.903964
20.181818,32,75.919401
8.376862,26,75.934783
8.500285,57,75.96532
-5.889773,7,75.970615
9.228369,19,75.980733
8.377913,20,75.991102
36.677377,48,76.016465
-0.345711,37,76.031671
1.012668,46,76.052385
19.236229,32,76.066655
0.419562,19,76.075913
11.181765,40,76.093333
-0.58423,13,76.101404
-0.459614,25,76.115902
-10.229251,11,76.122798
31.090484,38,76.14192
-0.208891,11,76.147059
15.655238,66,76.18034
-10.27852,4,76.182779
8.130331,12,76.18835
9.335213,8,76.192357
26.772086,40,76.211504
33.028395,38,76.229244
-110.54917,184,76.316555
-10.160231,4,76.318984
23.485824,29,76.333646
3.355677,25,76.346121
-10.214953,5,76.349773
-10.247887,6,76.352992
16.414795,19,76.364158
-10.255264,33,76.379906
-10.973869,5,76.383122
36.000651,29,76.400744
21.736931,37,76.706871
-10.315705,5,76.710521
-10.246759,2,76.712955
-0.19473,7,76.717408
21.904421,51,76.741612
25.273775,78,76.782488
9.131857,11,76.789006
26.894329,32,76.806554
40.288077,33,76.822831
-3.356627,17,76.833132
8.753096,31,76.849092
6.095441,24,76.863671
24.000329,21,76.874796
-10.188871,8,76.879724
19.025516,21,76.891574
-0.800027,14,76.898014
8.377913,16,76.90515
-0.196653,23,76.915957
55.932093,44,76.935635
34.318466,26,76.949148
12.162431,51,76.973082
9.761344,5,76.975854
-0.663489,13,76.985093
10.86776,62,77.014407
9.301782,25,77.02745
38.56994,68,77.058321
9.00118,17,77.066702
-0.216861,8,77.070644
-10.303553,7,77.074165
17.522266,21,77.08559
-0.667921,7,77.090787
17.369698,18,77.099821
-10.26049,9,77.106882
9.786044,8,77.110999
-10.225283,11,77.116299
39.667274,24,77.12742
8.971981,7,77.131765
-4.582932,94,77.172719
-20.2305,10,77.179948
-0.187887,8,77.18396
7.172005,80,77.515624
18.780266,17,77.525078
21.73621,29,77.538485
9.313722,20,77.549128
7.509362,20,77.558958
-0.541814,13,77.565185
-1.192147,42,77.586838
-3.281755,17,77.595262
56.377046,37,77.616394
30.134635,86,77.662868
-0.134001,8,77.667823
-0.543671,16,77.675292
-10.177614,6,77.67939
29.047942,64,77.711791
-10.185231,6,77.715116
-0.682014,11,77.721841
-10.150628,16,77.732536
24.062644,32,77.747105
8.238076,16,77.755225
-10.19357,16,77.763543
22.339288,41,77.786982
23.60533,52,77.814953
36.095429,61,77.846272
10.909737,37,77.868056
-10.236448,2,77.869852
-0.629786,8,77.874171
19.15319,11,77.880509
34.348378,44,77.904713
-10.177614,7,77.910761
-0.198512,3,77.912739
-10.349165,4,77.915145
-0.56101,27,77.929295
-36.991066,123,77.985012
23.971272,37,78.001282
-10.225694,9,78.006499
-131.836668,179,78.383318
5.487618,32,78.398041
-0.222143,7,78.401726
19.61129,7,78.405352
-0.703513,5,78.40812
28.463188,27,78.421257
-10.203084,8,78.425272
15.372712,42,78.446645
31.338515,49,78.475805
29.309178,13,78.482562
33.454872,51,78.504263
11.696597,29,78.518113
-126.001778,162,78.596056
19.272331,37,78.611458
-10.361244,6,78.616162
19.192743,14,78.625489
-10.182631,9,78.629999
21.100594,41,78.647925
-0.647647,13,78.656297
-10.177614,2,78.657875
-58.353607,80,78.699542
14.962922,76,78.729713
56.639449,45,78.751568
-0.185369,6,78.755537
12.171901,22,78.765792
17.991989,50,78.789924
22.718297,82,79.110501
9.252765,18,79.121338
32.100342,36,79.139454
-23.11728,100,79.190831
27.008245,48,79.215005
-0.230604,3,79.216983
31.744776,37,79.233341
25.224858,48,79.255857
-0.228295,19,79.26492
9.33276,25,79.276813
7.636509,25,79.289113
46.224267,17,79.296698
-10.134052,2,79.298255
-10.209518,7,79.303532
-17.335792,95,79.344315
-10.445167,12,79.349944
-0.194794,5,79.352917
9.430739,10,79.360156
-15.935118,93,79.404572
60.269068,53,79.432795
-0.551857,18,79.445119
41.060959,86,79.488552
-16.610383,100,79.53597
-10.23916,7,79.539604
-10.281471,5,79.542383
5.740138,81,79.584895
-10.263639,7,79.590081
-10.253978,12,79.596571
-16.876206,5,79.599421
15.29778,29,79.612464
-31.751281,89,79.932566
-10.188426,4,79.934986
-10.254305,4,79.9388
-1.050259,15,79.94-89.3113.489882,7,79.95089.174865,30,80.178946
-10.154.345605,41,80.19259.738974,159,80.259419
33.683812,29,80.273655
24.686662,54,80.299592
19.386256,19,80.309309
-0.167773,3,80.311476
-0.849926,48,80.335667
-1.377196,11,80.340993
9.032753,10,80.345758
8.395711,26,80.35783
-10.-49.952954,74,80.36555.930627,33,80.382456
5.9519.77048,25,80.387846.3-2.037265,61,80.414813.664304,51,80.430062
-20.51.190483,71,80.452273
9.279338,16,80.4625434.-45.199678,78,80.501507
56.564339,54,80.526603
27.803294,18,80.535333
9.577635,5,80.53965
47.014295,35,80.55670.7928.57297,32,80.5719-46.433964,88,80.607044
-13.083453,9,80.612287
43.810184,41,80.907778
-151.022139,94,80.920662
-10.323116,3,80.922643114.246629,57,80.952724
-0.198512,10,80.958134
-0.213189,8,80.962117
-2.275645,17,80.972018
9.762981,20,80.9807-62.154796,152,81.046181
-10.236902,17,81.054738
5.534043,42,81.076568
-3.048168,70,81.116482
45.29313,47,81.142895
23.612306,48,81.169904
-10.237641,7,81.173561
-0.259944,15,81.18125
-0.187887,12,81.187625
19.293571,13,81.193537
-0.21812,33,81.209732
-10.216644,6,81.215287
65.11149,50,81.240779
-0.355681,10,81.277485
9.202576,7,81.29984
18.638686,19,81.339675
-1.689476,102,81.433543
10.554223,16,81.444221
13.301633,51,81.479387
26.759961,46,81.511349
38.998512,29,81.529893
8.542491,17,81.541161
-0.642743,9,81.547912
-10.135288,5,81.551336
35.904806,47,81.583474
-6.234372,67,82.003148
43.084369,30,82.02695
-10.222967,2,82.028801
35.845723,35,82.054409
33.261896,52,82.087295-177.418533,154,82.138155
-0.199092,7,82.14263.050958,79,82.189381
-25.289017,65,82.238457
-10.199661,8,82.247412
-10.156241,9,82.253715
-0.11.345932,46,82.264827.608487,87,82.325002
-12.452135,114,82.396882
42.101395,65,82.438345
9.360305,9,82.444622
-0.283088,4,82.447304
9.20229,28,82.461817
-124.149404,145,82.538687
-1.447877,11,82.544638
-10.164233,3,82.546887
29.119192,23,82.559932
52.91664,44,82.5866
23.02648,81,82.626435
-0.516905,29,82.97643
37.452599,51,83.004154
16.699381,51,83.032852
25.280272,28,83.047677
32.424205,50,83.076123
15.849332,23,83.091775
17.280194,33,83.120567
30.898767,38,83.14941
9.439888,37,83.17211
9.461752,11,83.177722
44.265717,51,83.206719
4.583814,44,83.229683
-7.348843,4,83.232894
38.45588,38,83.253022
3.292367,53,83.278217
18.762074,32,83.300208
63.010846,54,83.33355
19.040204,53,83.366539
8.007543,28,83.380911
-3.52283,37,83.401029
59.977483,63,83.433322
17.299048,23,83.444073
26.80538,18,83.453648
31.173484,25,83.469277
6.958645,22,83.479458
17.988649,24,83.490207
18.27831,57,83.519326
-0.522809,16,83.526491
-10.258874,3,83.528474
-0.229515,8,83.533243
8.549564,104,83.859817
-0.629223,42,83.879887
25.991256,28,83.893263
23.611128,42,83.915726
9.357407,5,83.919255
-10.199952,6,83.922531
-10.216791,2,83.924987
17.000473,51,83.950067
17.993743,41,83.972242
-73.385948,85,84.020083
18.727583,21,84.031083
-10.154499,23,84.042975
43.638115,75,84.078828
57.058865,39,84.096864
-0.192593,5,84.100569
9.312158,25,84.114371
62.419271,46,84.137284
18.569065,20,84.150984
5.114356,18,84.162452
28.289356,21,84.172945
-85.104203,128,84.231166
-15.122435,84,84.267077
25.046906,57,84.29478
21.072482,51,84.317897
-10.172323,32,84.334587
21.451183,35,84.633443
4.629051,6,84.637587
9.1426,17,84.648345
-6.797083,3,84.650412
38.502052,17,84.66078
27.488276,15,84.669178
45.240899,43,84.690241
17.786679,29,84.705556
-10.17935,6,84.708887
-10.283145,4,84.711304
15.576499,82,84.745441
9.315119,40,84.763554
-10.213822,6,84.767618
-59.254325,154,84.841219
9.962506,34,84.859543
-10.26794,30,84.873825
-43.995399,115,84.930547
-10.293998,9,84.935774
29.118345,22,84.94601
-15.969197,128,85.002423
28.558272,54,85.028583
12.706261,42,85.048199
9.738638,4,85.050585
12.783135,19,85.062146
-0.625041,10,85.068444
25.181231,35,85.087292
18.003038,27,85.102805
18.354224,26,85.115508
-10.186625,5,85.118435
6.632089,21,85.416802
7.401611,109,85.467869
-0.859143,16,85.474854
25.991256,25,85.489872
8.817453,17,85.50001
-0.195172,4,85.502386
-8.380882,63,85.534547
6.835101,34,85.552817
-0.203862,4,85.555191
-15.062704,105,85.603452
-0.581878,5,85.60622
-20.455425,102,85.655791
-10.206925,3,85.657814
8.51878,19,85.668411
15.446833,36,85.685818
-10.303553,5,85.689345
28.316129,42,85.709729
47.296085,39,85.728207
54.77855,51,85.750387
-10.332102,18,85.758617
-0.66561,15,85.765152
10.554223,18,85.774954
-0.277004,12,85.780532
-10.254068,4,85.78289
63.392081,76,85.816665
9.143653,20,85.826318
8.542976,27,85.841763
-2.736299,44,85.866199
-0.223735,11,85.873015
-30.834639,69,85.904111
41.553214,37,86.216934
-5.122519,106,86.268637
-10.225636,10,86.273738
45.517121,72,86.305513
24.726803,21,86.316344
-8.715769,7,86.320839
-0.448235,13,86.328479
-0.55762,18,86.337202
-10.255264,7,86.340786
-16.203839,67,86.375318
17.656167,20,86.383904
14.583601,104,86.435924
12.867897,38,86.45648
37.584617,58,86.481467
29.317029,15,86.488927
-0.629967,34,86.504575
-7.656305,11,86.510539
-0.316332,15,86.517228
-33.373117,75,86.551415
32.242105,44,86.570911
-48.096851,79,86.60582
78.355115,92,86.646719
7.821158,17,86.655699
-0.173115,9,86.660051
21.074078,28,86.1.15881551.873164,62,86.981603
38.685066,21,86.993992
29.06908,113,87.045939
-7.628611,15,87.05464
9.208536,24,87.068125
-10.187814,11,87.074137
-0.272913,8,87.078107
26.751348,2621.045944,5148.523805,49,87.117397
-10.177614,10,87.122162
40.184589,93,87.169822
14.089128,27,87.181255
-10.315035,35,87.199788
22.010127,54,87.225866
-0.216944,9,87.231013
29.957538,10,87.23571
26.894329,30,87.251653
-0.255637,24,87.263403
42.890273,36,87.279612
-13.944130.978193,69,87.285034
-10.230613,6,87.-10.2067.802503,12,87.29615.3629.957538,26,87.30854.981101,39,87.329947
34.857803,98,87.377677
38.627932,54,87.400992
74.234075,86,87.446422
9.133269,25,87.459416
18.884776,58,87.487566
19.123565,26,87.777528
13.489882,16,87.784696
8.389059,27,87.796897
9.842389,9,87.801298
9.806064,7,87.805565
23.706647,40,87.827164
-10.135288,8,87.832039
15.589425,45,87.855998
9.383993,23,87.869132
18.219997,27,87.882933
-10.198415,13,87.88894
33.560162,30,87.904726
19.208531,17,87.913051
46.429743,41,87.931693
49.890696,66,87.963552
19.196481,21,87.97555
13.62936,30,87.991108
-5.063283,109,88.045496
29.109183,62,88.07381
22.584978,100,88.123899
-10.571979,47,88.150518
-0.193314,3,88.152498
8.35251,18,88.161319
46.836111,26,88.173763
26.772042,43,88.193891
9.561956,37,88.211036
9.084459,24,88.222734
-10.207093,4,88.354305
39.241326,12,88.361916
-0.141127,4,88.36425
20.401768,30,88.377629
8.313967,19,88.386563
8.72054,7,88.391038
42.473018,53,88.690943
-10.445167,16,88.698989
47.069212,56,88.727267
34.804172,82,88.767743
23.755844,51,88.791179
75.927977,72,88.824168
-10.153124,13,88.833324
9.800248,4,88.835743
-10.186851,4,88.838176
-0.229515,9,88.844159
10.165459,75,88.877722
-10.184528,6,88.880913
26.495339,81,88.918224
42.600712,45,88.940567
9.319529,21,88.951196
4.50198,44,88.970839
2.524307,26,88.982584
19.325045,34,89.000817
23.168426,30,89.013901
-0.227262,20,89.022432
57.100229,23,89.03463
-10.231865,6,89.039247
23.302218,41,89.05853
44.749077,85,89.098447
9.675295,24,89.110656
6.28779,38,89.1307
49.679098,110,89.461097
-31.858786,47,89.483096
25.52228,33,89.497621
-10.25057,13,89.503766
30.760348,56,89.527868
9.268,11,89.533375
28.448952,16,89.540613
9.264615,26,89.555039
8.359509,27,89.569082
3.848044,81,89.607941
-1.574047,27,89.625069
-10.304352,10,89.631579
26.317667,42,89.650387
9.455366,29,89.665871
-0.17627,10,89.671537
27.018374,29,89.686022
24.03072,45,89.70759
-3.238342,8,89.711556
98.129904,79,89.749066
35.475067,40,89.767981
-52.937173,130,89.828556
29.376757,16,89.837334
21.341084,16,89.844411
-0.240841,3,89.847139
22.81086,40,89.865312
-10.213822,4,89.868419
8.802493,18,89.877957
9.786026,6,89.881114
-0.160123,18,89.888926
-10.228069,6,89.892053
5.417439,53,89.918674
54.41521,69,89.951732
43.954166,57,90.285725
-10.208527,11,90.292175
27.371657,36,90.313083
4.649139,57,90.34085
4.777929,44,90.361103
13.943834,40,90.380185
17.515472,30,90.393559
43.989442,27,90.409539
19.370518,10,90.415051
-0.977533,21,90.425734
24.344255,44,90.448722
12.590844,86,90.486293
9.040169,4,90.488604
9.534755,18,90.497927
-10.201131,2,90.499466
18.24822,34,90.517527
15.445486,12,90.523171.242403,84,90.55476
9.227685,22,90.566639
19.180396,25,90.580373
7.713298,18,90.588181
-0.665624.030803,106,90.623851
38.623909,46,90.645085
28.167472,63,90.673736
-10.210317,5,9040.717595,46,90.685259
18.838158,20,90.693829
-0.780559.718772,74,90.717651
-1.013164,12,90.719.391940.172645,63,90.754999
-0.188223,14,90.762409
-10.142968,6,90.43.0598218.003244,41,91.36.35131,18,91.070184
9.86178713.292367,39,931.439999,52.527502,31,9-99.35214,95,91.146747
-18.386046,111,91.199414
34.753365,54,91.22614
-20.2305,5,91.22896
47.213001,105,91.276295
18.889823,19,91.287628
6.224606,37,91.305608
59.161595,57,91.332881
-0.229515,20,91.342342
21.285317,32,91.359001
-0.261169,3,91.361717
-10.172355,8,91.366493
9.419872,32,91.382306
23.850817,108,91.434158
20.32659,33,91.449404
26.658541,24,91.460502
-10.235124,2,91.462064
9.500759,13,91.468829
-0.225952,4,91.471157
-1.327598,-12.782564,133,91.494706
6.035025,55,91.52493
-11.395845,16,91.53424
-0.206652,40,91.554124
-10.180433-12.314054,10411.238101,74,91.907282
4.778248,27,91.989946
-0.198512,10,92.092793
17.864808,50,92.146311
29.172522,19,92.16143
-4.107751,5,92.16563
-0.682803,11,92.171952
-4.630319,140,92.249647
-0.929702,15,92.259091
9.394322,16,92.271861
-0.150636,13,92.280173
6.589116-5.486928,109,933.451051,65,92.342438
-0.227646,20,92.353557
9.3239235.716841,68,92.370781
19.27815,18,92.-34.003938,83,92.422696
28.454621,22,92.444007
-0.27237.739248,56,92.606801
-86.57616,138,92.761462
34.778007,35,92.790453
-10.254068,4,92.794197
19.385602,13,92.803098
-0.174862,3,92.809333
-10.168711,7,92.814464
8.944554,10,92.821711
-0.235088,3,92.823909
-0.55762,31,92.842859
16.454751,24,92.856681
-18.479489,95,93.29337
-20.221742,6,93.296917
34.8065,36,93.321323
19.180396,35,93.350758
37.436927,32,93.375162
-0.659927,25,93.418778
-10.193998,4,93.422004
12.169931,83,93.476458
-14.373741,103,93.527321
-1.482447,15,93.534152
41.23583,34,93.557217
15.845083,39,93.576596
-2.128214,29,93.591555
9.724391,68,93.622271
9.077627,24,93.634855
-0.498515,9,93.641031
27.83531,66,93.674854
37.008245,62,93.705474
5.576885,43,93.727554
8.706225,48,93.754242
-450.656652,366,94.480643
37.436927,29,94.496187
-33.974174,134,94.563255
9.751756,23,94.573237
22.59767,120,94.62978
-10.193998,23,94.642874
-10.271279,3,94.644893
9.734396,5,94.647741
18.48187,29,94.66264
13.252588,40,94.682624
-10.154169,8,94.686636
-0.646063,13,94.695837
8.199085,25,94.710387
-56.012743,88,94.753167
24.261172,30,94.768181
49.16258,10,94.773667
18.838892,35,94.789664
0.429316,76,94.827996
16.997727,52,94.856198
9.189083,7,94.861556
-0.166164,29,94.876157
-90.355872,189,95.258412
17.218039,27,95.27197
13.710289,84,95.313502
-0.193462,5,95.317147
25.986437,43,95.337433
-92.077754,119,95.391455
9.739164,10,95.396179
-10.293998,11,95.402227
38.283399,64,95.432062
-0.298523,7,95.438924
47.330424,113,95.492637
-0.224777,6,95.498642
-13.886903,84,95.538132
-0.229515,13,95.545765
17.224808,92,95.592226
-10.229505,12,95.598488
28.299448,65,95.632017
-10.20706,2,95.634361
-10.734739,19,95.643467
-2.308713,62,95.673514
38.396172,16,95.682187
-0.15086,3,95.684176
36.498092,34,95.700577
-1.696135,9,95.706444
24.661005,61,96.014265
-10.217452,4,96.016689
-0.277004,4,96.0191
-0.226634,9,96.024451
-10.27217,21,96.036148
-10.169303,2,96.037849
-0.548703,25,96.049917
-0.470919,20,96.061129
-10.188984,14,96.068368
8.264525,33,96.084589
23.533221,53,96.109398
26.894329,21,96.119713
9.126303,14,96.126919
9.406527,11,96.132114
-2.634865,40,96.151972
9.624075,5,96.155102
5.028749,4,96.158764
56.67204,37,96.180438
-10.161124,2,96.182113
31.868914,66,96.215176
-0.181733,4,96.218408
-50.760236,115,96.27369
17.901648,31,96.28836
11.755997,89,96.330857
9.738638,4,96.333243
-0.629786,9,96.337592
-0.159252,7,96.341081
-0.208891,23,96.351726
-70.673569,136,96.416247
9.396299,13,96.423016
-0.192593,5,96.425781
-0.421629,11,96.433331
24.3991,63,96.46381
-0.165941,5,96.466658
34.256305,91,96.512113
7.50563,33,96.807458
8.829577,14,96.814933
18.416919,43,96.833832
9.129165,30,96.850578
17.821274,40,96.868805
-37.422468,126,96.925322
49.607413,54,96.948028
28.501578,37,96.966771
-9.101233,63,96.994839
-10.445848,18,97.006304
-11.946466,91,97.054275
9.220327,20,97.063737
-0.555392,11,97.069727
16.830122,42,97.091148
26.452124,39,97.121288
-0.170376,21,97.14004
18.354224,20,97.33014
-0.196653,16,97.339427
46.327661,37,97.35678
-0.198512,8,97.360804
19.147583,17,97.370184
17.969168,14,97.376653
15.131495,10,97.381402
-0.227646,27,97.393891
8.507467,19,97.403892
9.751756,5,97.406693
-0.257833,6,97.409868
-4.325205,28,97.423805
17.830438,37,97.444969
10.598164,19,97.454995
18.798171,24,97.467009
-10.267304,7,97.470641
45.6631,98,97.81133
-0.199092,4,97.81475
-0.215875,12,97.821433
-10.234664,7,97.825488
18.870286,26,97.839476
-0.220196,15,97.847569
-0.696398,12,97.85337
19.535596,21,97.864502
-10.284964,19,97.873955
18.186734,38,97.893899
18.870286,25,97.906898
9.762981,8,97.91169
25.425177,18,97.92083
19.525692,43,97.942015
-10.284964,5,97.944836
29.127759,55,97.973396
9.971656,71,98.006769
40.212138,31,98.022845
19.809169,5,98.025906
-10.192561,4,98.029337
-0.198512,4,98.032052
-17.378426,55,98.059486
7.987188,22,98.073147
27.903198,41,98.099288
-10.234664,3,98.102065
17.115034,15,98.111173
13.70914,33,98.135091
4.37553,66,98.165533
-10.233534,17,98.17701
-10.179523,2,98.178738
37.759415,59,98.206697
8.767785,43,98.230102
-0.390663,5,98.233418
17.642223,45,98.254728
9.132587,8,98.2588962.470224,70,98.270923
28.303371,19,98.281273
-52.576437,85,98.32324559.302163,42,98.345359
27.874541,107,98.689528
19.360267,24,98.702198
15.824724,79,98.739324
-0.150636,6,98.744721
-82.477113,186,98.791181
-10.159474,11,98.799642
9.398054,8,98.805132
40.685781,85,98.851842
15.952249,24,98.867193
25.323908,64,98.906766
-10.416081,31,98.927962
-10.184528,7,98.9330421.975489,90,98.961429
-0.150636,6,98.964966
-111.772119,183,99.055776
-34.064331,86,99.102743
21.330134,33,99.125332
40.276086,33,99.142355
12.966353,26,99.155335
-14.175601,106,99.574651
28.433124,16,99.586522
20.753656,24,99.613581
9.417761,8,99.622046
44.126749,53,99.650605
46.096944,48,99.67849
-76.556676,210,99.795544
9.341803,6,99.80007
-0.298533,13,99.80705
-0.138431,7,99.81192
-37.577667,151,99.902884
21.469153,27,99.918564
53.026374,100,99.974519
-23.777745,78,100.185047
-10.17881,16,100.199651
11.270223,86,100.274578
39.314433,69,100.358034
4.803876,82,100.407567
61.533537,36,100.761941
9.768004,7,100.767719
44.076898,70,100.804195
9.291676,12,100.809799
9.749255,5,100.813432
-50.68501,109,100.870582
41.90247,47,100.894307
38.110141,20,100.907916
32.03391,43,100.926364
-0.197323,18,100.936655
9.244832,19,100.947592
59.26904,42,100.968341
19.901439,30,100.984293
-0.623489,9,100.989778
9.607605,12,100.995313
-10.216644,28,101.00793
-3.288092,66,101.039684
42.655214,41,101.059041
24.644454,33,101.074671
9.699237,22,101.085001
41.767465,40,101.106347
-0.185369,4,101.110125
41.307051,49,101.134728
49.16258,10,101.139831
-0.256209,3,101.14212
9.786044,7,101.145796
9.417761,14,101.153859
17.669617,33,101.172838
-20.536976,14,101.181024
-56.453702,91,101.224329
29.317029,13,101.230272
19.374469,28,101.244464
53.033389,30,101.261764
-10.251517,5,101.264502
-10.234664,2,101.266101
-10.863724,43,101.564351
29.172522,14,101.571616
16.017203,61,101.600084
-16.81953,101,101.648638
29.311154,25,101.660218
22.670203,28,101.673092
-0.18567,10,101.67867
9.449289,16,101.687497
19.306936,16,101.695483
-10.209989,3,101.697446
25.7838,33,101.713764
-1.41307,15,101.721222
18.298189,35,101.739296
49.85636,75,101.777153
38.002226,84,101.815752
26.99097,39,101.832875
7.576229,33,101.849419
29.175807,53,101.872048
-10.198415,20,101.883139
8.809576,32,101.900034
-10.290071,6,101.903712
39.919619,19,101.91497
62.503556,49,101.941653
-4.465957,91,101.986806
-10.211759,14,101.994375
-10.262647,12,102.00094
-74.629099,164,102.370489
-10.195989,14,102.378526
58.502155,75,102.414822
53.477631,26,102.426841
-0.179519,20,102.435568
-10.191748,13,102.442394
-103.476538,153,102.513776
23.618844,42,102.533
50.316773,35,102.552564
12.075538,82,102.593079
18.308218,31,102.607992
-6.038888,46,102.631968
4.859633,33,102.648351
18.637141,20,102.657056
-10.159474,2,102.658692
-0.185143,11,102.664732
-0.669985,8,102.668795
-0.136303,4,102.67204
28.869387,19,102.682079
24.231876,37,102.700064
16.683243,28,102.712807
-64.474687,143,102.781693
-10.230297,11,102.787159
61.368341,47,102.810317
-0.251237,3,102.813076
54.414829,55,102.837082
33.533561,39,103.158606
39.990875,39,103.178972
19.340193,42,103.200839
31.266347,56,103.229392
-12.854577,124,103.286209
-0.227646,3,103.289069
10.232618,6,103.292303
-7.656305,14,103.301881
-54.064331,96,103.34881
48.22479,57,103.373584
29.379979,9,103.378797
48.772022,46,103.40232
24.816628,45,103.424196
-85.792019,190,103.514758
-0.129504,3,103.51676
9.161117,12,103.523184
9.186648,96,103.566789
11.094091,52,103.590843
-0.538928,60,103.620283
-0.190644,25,103.631735
9.166223,23,103.642469
33.355057,43,103.949004
26.473543,33,103.967405
-0.222238,20,103.977791
-0.316332,9,103.982332
38.726759,33,103.999483
9.442411,23,104.009657
41.802738,47,104.033304
-21.637253,93,104.082131
15.014915,39,104.102481
36.419357,31,104.117527
-8.319969,89,104.163712
-10.209989,11,104.171043
27.479076,62,104.201048
47.534404,26,104.214658
-0.345711,3,104.216676
-10.199952,5,104.219561
-0.174862,9,104.226398
18.180156,34,104.243157
-10.258716,3,104.245955
26.655859,49,104.270011
-0.197323,25,104.281457
44.393539,63,104.312537
5.339499,71,104.344437
66.121743,45,104.365417
39.114726,50,104.38928
24.936426,29,104.404035
8.595938,32,104.42157
27.191876,37,104.437772
-1.693974,82,104.759661
-8.776106,103,104.808851
46.974692,32,104.823178
34.363726,42,104.843188
18.755876,26,104.855251
-10.268917,5,104.858794
26.248812,63,104.890466
1.107851,80,104.928614
-10.164337,12,104.936633
50.251411,58,104.964425
8.557576,21,104.975979
5.800744,117,105.02715
-0.235007,6,105.031165
-3.534021,104,105.081512
-0.744294,9,105.086377
40.649568,39,105.108122
7.198747,62,105.139882
-111.654363,169,105.220909
19.427134,16,105.51741
-7.472882,70,105.570999
-0.481819,19,105.590658
-84.945213,114,105.683162
60.064169,42,105.706907
16.098627,21,105.719194
27.557687,19,105.73
-10.268917,12,105.737293
27.466315,27,105.750811
1.062988,39,105.770926
51.39977,111,106.193061
-11.314352,28,106.212907
6.081099,25,106.234141
9.334785,39,106.267773
15.370698,20,106.285511
-10.486039,18,106.299377
4.923102,39,106.322397
-5.917719,10,106.328887
25.382283,68,106.359717
-10.243822,7,106.364237
-10.200542,6,106.368401
54.934952,47,106.3959
9.762981,10,106.401035
14.089128,29,106.414193
9.354823,18,106.426639
49.755572,64,106.463258
23.56862,62,106.5003
-0.592549,21,106.513351
45.478606,46,106.918817
-10.192561,2,106.920723
11.407695,40,106.941897
45.760314,75,106.981975
-10.229118,4,106.986019
42.771393,51,107.01221
0.057917,21,107.024814
-23.90231,132,107.092072
11.108178,28,107.106099
16.007226,22,107.12078
82.552354,108,107.175329
-10.254686,107,107.226492
52.058672,38,107.247829
-0.568465,20,107.257166
-10.201491,11,107.263254
19.291605,11,107.271632
19.931688,56,107.299635
50.526163,39,107.319707
18.592836,15,107.327192
23.984404,40,107.348621
33.531267,26,107.363742
17.99679,11,107.371204
-10.268917,4,107.373735
31.111884,36,107.392575
45.676632,14,107.399082
-220.383006,216,107.799107
-0.160123,4,107.804365
-10.244724,4,107.816518
-0.264591,4,107.830343
58.835562,30,107.868927
19.352851,29,107.918309
24.127824,16,107.930661
16.862977,39,107.951559
-23.255424,124,108.021494
8.608858,32,108.038804
-10.182008,4,108.04133
19.157737,27,108.055775
36.759813,40,108.074047
-0.239405,7,108.079516
-10.202147,16,108.089371
19.148932,12,108.095137
26.248812,39,108.120148
-1.696035,13,108.128161
-20.213639,4,108.131836
-10.180965,2,108.133843
17.656167,22,108.147473
30.911234,93,108.19454
41.908613,44,108.217611
-0.166164,7,108.222642
36.642009,36,108.240131
-7.046095,86,108.284112
-10.231257,5,108.289101
30.481328,55,108.317219
28.340789,97,108.36454
46.859876,38,108.676119
1.77063,102,108.727735
44.687329,45,108.748181
19.352851,19,108.758072
7.934628,25,108.773992
-10.185586,12,108.780542
4.792522,21,108.793726
68.227397,84,108.837278
11.377069,33,108.856841
-0.196653,9,108.861383
-19.037542,103,108.914833
34.293293,41,108.938017
-4.915869,13,108.945051
30.650511,38,108.964098
2.992356,66,108.994459
10.021418,72,109.037588
29.350033,34,109.055495
17.820236,32,109.072656
19.136634,43,109.094536
-10.169149,7,109.099902
-0.150636,25,109.113843
34.153189,52,109.141174
19.157737,29,109.15525
34.154465,42,109.177748
-1.468994,21,109.191481
-0.29474,9,109.196972
9.335203,13,109.2042
25.571457,26,109.512303
-25.447371,119,109.581709
35.221927,32,109.598784
9.57047,20,109.610426
39.402332,56,109.641631
-34.57766,69,109.679895
-20.254124,152,109.756165
56.408613,37,109.776075
6.350997,29,109.79232
12.55427,49,109.815995
-0.235168,6,109.819466
3.489975,15,109.826829
29.379979,11,109.832825
-0.234967,12,109.840579
14.528543,29,109.857121
105.726926,113,109.91625
58.448796,91,109.961727
-61.2125,46,109.985327
28.520204,26,109.997894
18.217389,45,110.020923
-0.571749,15,110.030288
9.749255,12,110.036162
5.035306,32,110.359321
9.842389,26,110.375985
9.764407,4,110.378733
-0.166119,4,110.382387
26.234268,69,110.418054
-10.364111,2,110.419832
9.543846,14,110.428037
9.430739,17,110.437826
9.483977,16,110.446203
16.019847,51,110.469978
19.323314,21,110.479935
29.074855,16,110.487686
32.049489,43,110.510126
28.211166,39,110.533789
5.322275,38,110.55037
28.8384,11,110.556088
9.762981,6,110.559463
9.368269,13,110.568026
9.203005,28,110.582502
-10.294673,2,110.584098
19.31148,12,110.590966
9.111472,16,110.598481
30.32174,81,110.670418
-10.176293,7,110.678578
27.871282,44,110.706076
-0.571439,29,110.721744
40.566829,48,110.748726
13.63922,75,110.787944
-0.240396,3,110.790222
24.665097,45,110.815528
9.73383,14,110.824386
-0.220924,8,110.829279
23.729282,61,110.859487
-0.635818,8,110.864452
19.219362,27,110.879475
26.927212,49,110.904995
-0.59729,9,110.910411
-15.314709,93,111.250884
9.173866,27,111.264878
-0.17317,4,111.267324
9.293003,21,111.280007
-0.768595,26,111.294728
-3.125029,55,111.323782
-10.218198,6,111.327086
9.756712,10,111.332093
-0.177079,5,111.335925
16.18166,25,111.351401
70.091782,58,111.380796
-10.179927,10,111.385845
-64.589394,89,111.430716
-0.15086,11,111.439245
26.449363,17,111.451023
-10.262647,5,111.456803
13.563396,59,111.490434
-0.589283,8,111.494588
-0.477637,8,111.500582
8.952183,11,111.507039
-0.236573,8,111.511211
7.959814,34,111.531598
-0.194402,13,111.540573
9.40962,12,111.548566
54.70713,55,111.575945
9.373752,63,111.605913
-0.224818,4,111.608428
27.379303,63,111.638029
36.925254,31,111.655501
17.598093,49,111.677384
-16.222837,98,111.723183
34.8065,37,111.743085
18.170424,8,111.747201
-39.469642,61,111.782299
61.25441,99,112.126895
38.215958,49,112.152308
19.22195,14,112.161969
9.749255,7,112.166534
28.350083,44,112.186704
5.826992,19,112.197502
-33.607922,96,112.247206
18.522615,35,112.26486
4.640029,72,112.301761
58.211311,51,112.326755
25.44442,46,112.348816
-5.681829,59,112.381852
-18.649785,96,112.425031
-1.165096,14,112.433121
8.923773,34,112.450489
34.621013,50,112.474919
-15.66271,91,112.519368
19.253659,35,112.537013
-10.187814,2,112.539172
46.990713,47,112.564666
-10.233838,3,112.566791
8.135031,37,112.584766
42.946771,37,112.894468
26.664659,71,112.929274
51.561301,34,112.9451
-10.185231,10,112.950144
-10.215529,3,112.952374
27.28108,15,112.960859
17.173062,16,112.969155
27.964891,35,112.987926
28.333929,48,113.011545
9.430739,9,113.017241
28.380774,54,113.043659
19.512118,67,113.075958
-4.465957,67,113.107981
-10.222835,10,113.113668
14.086009,14,113.122278
8.977985,17,113.131838
41.007759,53,113.159991
51.045017,64,113.190767
20.684505,16,113.199973
-10.159474,4,113.202676
9.430739,16,113.210506
13.567845,121,113.271709
14.374235,23,113.284709
13.736617,71,113.323645
-0.193462,23,113.334718
19.114633,19,113.346375
-12.592736,93,113.393661
-0.217463,8,113.398557
-10.213497,3,113.400533
57.32065,28,113.41393
17.495636,28,113.723497
-0.208458,6,113.727314
14.687329,66,113.759123
54.490542,42,113.782038
24.66155,68,113.817409
-10.229873,2,113.81911
43.649701,32,113.837023
28.245935,40,113.858034
25.144914,141,113.922096
9.335912,12,113.927756
-2.355671,31,113.944495
5.151048,109,113.995736
9.265974,8,114.000845
24.934126,22,114.012037
31.918252,52,114.120844
47.812296,53,114.183428
22.647885,29,114.206469
-84.611855,103,114.271965
20.341726,37,114.295042
27.938839,54,114.332061
48.615178,57,114.372643
-10.201131,2,114.375428
57.52058,66,114.779822
9.163111,8,114.785974
1.525129,47,114.816541
39.82921,36,114.833526
19.22195,8,114.841422
50.941544,40,114.863246
8.371267,15,114.870583
0.225076,57,115.184004
9.092163,38,115.202837
58.249627,43,115.224364
-0.217463,19,115.233925
26.50843,40,115.256677
52.231135,63,115.286311
46.344201,37,115.305104
-171.210565,89,115.357257
58.605642,58,115.386036
-0.275927,21,115.397344
-0.150636,23,115.41038
-56.389234,124,115.477139
50.523291,53,115.507282
15.247772,42,115.529373
54.089725,39,115.549271
11.805277,15,115.556752
14.372237,107,115.90217
-10.204401,2,115.904117
7.403456,13,115.912548
55.875656,25,115.925346
28.433124,26,115.937097
55.527287,35,115.954064
9.265974,9,115.960411
8.906691,13,115.96649
-1.697407,27,115.981541
17.419494,29,115.996287
41.089867,77,116.032823
-10.22736,2,116.035275
-0.198512,5,116.039752
47.299839,39,116.058757
38.420917,83,116.100573
15.832854,51,116.125272
-7.121902,112,116.179557
24.704154,96,116.224999
36.409519,67,116.258197
35.668536,117,116.315818
-9.776961,58,116.350736
-131.626832,170,116.723114
-10.14364,104,116.774349
-0.16441,17,116.782977
-10.228601,7,116.789083
-0.193462,5,116.792025
11.914799,37,116.810086
-0.192593,3,116.812043
-0.260187,4,116.814424
-10.231865,14,116.822115
-228.457728,244,116.94356
41.292464,47,116.969295
-79.558785,159,117.04512
-0.766986,51,117.073031
46.26556,58,117.103184
-10.268577,7,117.110247
-0.227262,6,117.114234
25.21143,43,117.140196
10.400471,92,117.18962
49.739779,44,117.211752
63.927528,63,117.542391
52.830008,67,117.578345
9.281003,30,117.594458
4.592087,24,117.607161
28.675744,30,117.623521
35.832854,28,117.636776
8.41037,28,117.651828
-0.629733,32,117.666909
9.462592,6,117.670307
54.921695,46,117.692413
-10.285154,3,117.694508
-48.984804,113,117.746997
32.800194,54,117.775679
-0.859143,14,117.782302
-0.192593,17,117.790403
-135.733199,237,117.90473
8.817453,25,117.915907
-16.054139,81,117.993798
41.360864,79,118.073346
17.847752,55,118.105072
3.418625,13,118.406603
9.762981,18,118.415746
27.469568,156,118.489443
13.125841,85,118.533056
40.873164,25,118.547257
64.788615,57,118.574859
-0.215067,9,118.580375
10.554223,6,118.583761
45.382705,62,118.612857
16.786869,45,118.63494
18.727583,22,118.648536
-20.019153,109,118.701922
-0.212069,9,118.707557
-10.284964,3,118.709699
27.903592,13,118.715889
35.711091,45,118.738309
44.450644,42,118.76039
19.209019,13,118.766508
44.8428,92,118.81554
-10.17935,9,118.821132
-10.240709,10,118.826987
-10.178743,16,118.835148
-1.492361,5,118.83952
-10.234664,8,118.844556
29.799923,17,118.853797
5.937565,61,118.886986
-0.651829,13,118.895923
28.675744,25,118.90993
64.6391,42,118.93148
-0.229721,3,118.933575
-10.256088,6,119.229597
19.557266,13,119.235926
-0.762314,27,119.248453
25.569869,68,119.280218
-0.970979,12,119.286965
-10.210467,4,119.291022
-0.230604,4,119.293835
-0.165923,7,119.298595
50.344892,26,119.313474
18.838158,15,119.320906
0.980273,12,119.32708
-10.220358,11,119.336446
34.685291,62,119.37365
-10.204865,9,119.378965
43.633115,26,119.39264
-6.670783,148,119.475111
-53.902619,117,119.534127
-24.174911,109,119.588332
45.130872,43,119.608992
18.801965,27,119.622998
66.111882,120,119.68856
55.002241,56,119.716463
18.638686,24,119.729192
151293
9.749255,12,117.157149
-0.182587,6,117.161255
-10.229251,9,117.16712
46.322506,47,117.18973
-10.191748,15,117.196686
31.900613,79,117.535247
-14.473347,13,117.543255
18.91555,55,117.571483
-161.901439,271,117.709351
-145.88131,171,117.794559
42.946771,30,117.810411
-10.021836,138,117.872704
29.317029,10,117.878379
47.622701,43,117.898156
47.796957,57,117.927124
35.119539,49,117.981662
29.341631,22,118.019002
-10.215089,2,118.021893
-0.136303,6,118.026564
55.047018,60,118.075101
-10.294673,2,118.077235
28.628074,36,118.096032
-10.222835,20,118.400779
-0.505561,35,118.418901
-0.177965,8,118.423042
-10.204865,15,118.429947
9.041415,22,118.440239
-0.842656,10,118.445136
22.814525,82,118.48221
-0.833298,18,118.492079
24.201294,63,118.523136
46.544916,45,118.548943
-35.638625,83,118.590896
-0.147748,26,118.602603
-10.218198,14,118.609992
62.23458,34,118.625905
-0.445397,15,118.635776
21.370815,31,118.653138
66.430869,63,118.683858
28.433124,39,118.701798
9.367511,23,118.714523
30.557256,71,118.748695
9.842389,6,118.753285
17.723881,38,118.772706
-0.476785,21,118.783079
-10.211144,3,118.786517
27.87137,38,118.80636
29.307738,12,118.813034
-10.278526,12,118.820049
-10.159474,12,118.826559
9.439776,19,118.838318
-10.177614,10,118.844159
9.330216,20,118.855651
-22.555777,87,118.904081
43.06248,102,119.24889
9.786044,29,119.26275
77.429319,79,119.305964
45.786457,34,119.326458
47.802944,48,119.35368
-10.268917,3,119.356126
-0.251669,6,119.360867
33.339962,23,119.376139
-0.470039,47,119.400405
-0.252184,7,119.404318
27.317276,32,119.422522
-3.238342,6,119.426146
19.259477,20,119.437294
18.170424,8,119.441967
19.271808,10,119.447056
56.659671,53,119.475866
40.456944,43,119.496495
9.477551,25,119.509743
43.691597,55,119.538678
-0.593024,7,119.542372
19.846066,7,119.546943
37.600744,51,119.56998
-0.645767,8,119.574116
-9.417565,83,119.614699
9.611241,25,119.630545
-0.895871,10,119.635841
39.120058,18,119.645832
-10.2073,7,119.651528
59.378197,64,119.681874
66.957546,121,119.743588
29.799923,10,119.748406
-1.589643,15,119.758502
23,119.638803
-10.164233,11,119.644188
-10.234664,7,119.648745
-10.365082,5,119.651901
19.013435,19,119.662199
-10.254068,4,119.664589
57.632377,60,119.69412
16.847713,58,119.723094
43.531267,59,119.753171
16.408564,7,119.757006
.766338,61,117.704896
51.595097,85,117.745867
32.517037,21,117.755864
-10.168576,6,117.759219
11.773127,65,117.793025
-31.760491,97,117.839546
9.215854,13,117.845754
9.760124,28,117.859128
31.926542,133,117.922292
27.465368,35,117.948357
51.480782,26,117.988616
13.37675,47,118.046478
47.331524,28,118.066279
27.001465,26,118.0839
16.577213,44,118.400247
-25.628781,195,118.49547
54.934952,52,118.520233
9.749255,9,118.525665
-10.203635,2,118.527331
18.556236,14,118.535234
-1.254032,14,118.542755
46.424459,42,118.562836
19.376893,40,118.585379
-39.811375,98,118.632505
-0.66515,13,118.640755
-0.36674,17,118.649468
-0.184702,5,118.652737
-9.40361,134,118.719997
-3.925767,47,118.742156
-10.194316,17,118.751027
49.82339,70,118.790243
76.766349,122,118.858234
9.203005,22,118.870173
-50.075091,68,118.908735
17.971536,19,118.919245
13.420492,105,119.261938
-2.666178,114,119.32584
-0.18112,3,119.329292
19.374469,16,119.339946
-0.590771,35,119.358867
19.499595,25,119.37453
29.602778,43,119.396789
43.330954,43,119.42136
43.893338,49,119.45052
-0.165941,4,119.453671
35.058442,72,119.488708
50.992128,25,119.502752
13.325429,28,119.51737
61.423579,56,119.546136
66.588219,70,119.579392
100.064275,81,119.620487
-0.577176,17,119.630193
-10.075091,49,119.658521
50.992128,35,119.675231
7.519416,29,119.690388
-10.218198,10,119.696231
18.595644,29,119.709502
-10.25793,11,119.715764
60.592873,43,119.737425
8.100444,40,119.758636
